Wind Speed,Enercon.E112.4500,Vestas.V136.3450
0,0,0
0.01,0,0
0.02,0,0
0.03,0,0
0.04,0,0
0.05,0,0
0.06,0,0
0.07,0,0
0.08,0,0
0.09,0,0
0.1,0,0
0.11,0,0
0.12,0,0
0.13,0,0
0.14,0,0
0.15,0,0
0.16,0,0
0.17,0,0
0.18,0,0
0.19,0,0
0.2,0,0
0.21,0,0
0.22,0,0
0.23,0,0
0.24,0,0
0.25,0,0
0.26,0,0
0.27,0,0
0.28,0,0
0.29,0,0
0.3,0,0
0.31,0,0
0.32,0,0
0.33,0,0
0.34,0,0
0.35,0,0
0.36,0,0
0.37,0,0
0.38,0,0
0.39,0,0
0.4,0,0
0.41,0,0
0.42,0,0
0.43,0,0
0.44,0,0
0.45,0,0
0.46,0,0
0.47,0,0
0.48,0,0
0.49,0,0
0.5,0,0
0.51,0,0
0.52,0,0
0.53,0,0
0.54,0,0
0.55,0,0
0.56,0,0
0.57,0,0
0.58,0,0
0.59,0,0
0.6,0,0
0.61,0,0
0.62,0,0
0.63,0,0
0.64,0,0
0.65,0,0
0.66,0,0
0.67,0,0
0.68,0,0
0.69,0,0
0.7,0,0
0.71,0,0
0.72,0,0
0.73,0,0
0.74,0,0
0.75,0,0
0.76,0,0
0.77,0,0
0.78,0,0
0.79,0,0
0.8,0,0
0.81,0,0
0.82,0,0
0.83,0,0
0.84,0,0
0.85,0,0
0.86,0,0
0.87,0,0
0.88,0,0
0.89,0,0
0.9,0,0
0.91,0,0
0.92,0,0
0.93,0,0
0.94,0,0
0.95,0,0
0.96,0,0
0.97,0,0
0.98,0,0
0.99,0,0
1,0,0
1.01,0,0
1.02,0,0
1.03,0,0
1.04,0,0
1.05,0,0
1.06,0,0
1.07,0.000001,0
1.08,0.000001,0
1.09,0.000001,0
1.1,0.000001,0
1.11,0.000001,0
1.12,0.000002,0
1.13,0.000002,0
1.14,0.000003,0
1.15,0.000003,0
1.16,0.000004,0
1.17,0.000004,0
1.18,0.000005,0
1.19,0.000005,0
1.2,0.000007,0
1.21,0.000008,0
1.22,0.000009,0
1.23,0.000011,0
1.24,0.000012,0
1.25,0.000013,0
1.26,0.000015,0
1.27,0.000016,0
1.28,0.000019,0
1.29,0.000022,0
1.3,0.000025,0
1.31,0.000028,0
1.32,0.00003,0
1.33,0.000033,0
1.34,0.000037,0
1.35,0.00004,0
1.36,0.000045,0
1.37,0.000052,0
1.38,0.000058,0
1.39,0.00006,0
1.4,0.000065,0
1.41,0.000072,0
1.42,0.000078,0
1.43,0.000085,0
1.44,0.000092,0
1.45,0.000106,0
1.46,0.000109,0
1.47,0.000118,0
1.48,0.000127,0
1.49,0.000137,0
1.5,0.000147,0
1.51,0.000158,0
1.52,0.00017,0
1.53,0.000182,0
1.54,0.000195,0
1.55,0.000218,0
1.56,0.000232,0
1.57,0.000247,0
1.58,0.000263,0
1.59,0.00028,0
1.6,0.000286,0
1.61,0.000303,0
1.62,0.000334,0
1.63,0.000354,0
1.64,0.000374,0
1.65,0.000395,0
1.66,0.000417,0
1.67,0.000424,0
1.68,0.000447,0
1.69,0.000471,0
1.7,0.000513,0
1.71,0.00054,0
1.72,0.000566,0
1.73,0.000594,0
1.74,0.000603,0
1.75,0.000632,0
1.76,0.000662,0
1.77,0.000693,0
1.78,0.000724,0
1.79,0.000781,0
1.8,0.000791,0
1.81,0.000825,0
1.82,0.000861,0
1.83,0.000898,0
1.84,0.000935,0
1.85,0.000974,0
1.86,0.001013,0
1.87,0.001054,0
1.88,0.001096,0
1.89,0.001138,0
1.9,0.001182,0
1.91,0.001227,0
1.92,0.001273,0
1.93,0.001319,0
1.94,0.001367,0
1.95,0.001416,0
1.96,0.001505,0
1.97,0.001557,0
1.98,0.00161,0
1.99,0.001664,0
2,0.00172,0
2.01,0.001734,0
2.02,0.001791,0
2.03,0.001893,0
2.04,0.001954,0
2.05,0.002015,0
2.06,0.002077,0
2.07,0.002141,0
2.08,0.002157,0
2.09,0.002222,0
2.1,0.002288,0
2.11,0.002355,0
2.12,0.002477,0
2.13,0.002548,0
2.14,0.00262,0
2.15,0.002693,0
2.16,0.00271,0
2.17,0.002785,0
2.18,0.002861,0
2.19,0.002938,0
2.2,0.003078,0
2.21,0.003158,0
2.22,0.003177,0
2.23,0.003259,0
2.24,0.003342,0
2.25,0.003427,0
2.26,0.003513,0
2.27,0.0036,0
2.28,0.003759,0
2.29,0.003778,0
2.3,0.00387,0
2.31,0.003962,0
2.32,0.004056,0
2.33,0.00415,0
2.34,0.004247,0
2.35,0.004344,0
2.36,0.004443,0
2.37,0.004623,0
2.38,0.004726,0
2.39,0.00483,0
2.4,0.004935,0
2.41,0.005042,0
2.42,0.00515,0
2.43,0.005172,0
2.44,0.005282,0
2.45,0.005482,0
2.46,0.005595,0
2.47,0.00571,0
2.48,0.005826,0
2.49,0.005944,0
2.5,0.005968,0.004348
2.51,0.006087,0.004464
2.52,0.006207,0.00458
2.53,0.006427,0.004696
2.54,0.006552,0.004812
2.55,0.006678,0.004928
2.56,0.006703,0.005043
2.57,0.00683,0.005159
2.58,0.006959,0.005275
2.59,0.007089,0.005391
2.6,0.00722,0.005507
2.61,0.007353,0.005623
2.62,0.007597,0.005739
2.63,0.007734,0.005855
2.64,0.007761,0.005971
2.65,0.0079,0.006087
2.66,0.00804,0.006203
2.67,0.008181,0.006319
2.68,0.008324,0.006435
2.69,0.008469,0.006551
2.7,0.008734,0.006667
2.71,0.008762,0.006783
2.72,0.00891,0.006899
2.73,0.009061,0.007014
2.74,0.009212,0.00713
2.75,0.009365,0.007246
2.76,0.00952,0.007362
2.77,0.009676,0.007478
2.78,0.009833,0.007594
2.79,0.009992,0.00771
2.8,0.010285,0.007826
2.81,0.010448,0.007942
2.82,0.010613,0.008058
2.83,0.010779,0.008174
2.84,0.010946,0.00829
2.85,0.010977,0.008406
2.86,0.011147,0.008522
2.87,0.011459,0.008638
2.88,0.011632,0.008754
2.89,0.011807,0.00887
2.9,0.011984,0.008986
2.91,0.012017,0.009101
2.92,0.012195,0.009217
2.93,0.012375,0.009333
2.94,0.012556,0.009449
2.95,0.012891,0.009565
2.96,0.013077,0.009681
2.97,0.013265,0.009797
2.98,0.013298,0.009913
2.99,0.013488,0.010029
3,0.013678,0.010145
3.01,0.013871,0.010643
3.02,0.014065,0.011142
3.03,0.014423,0.011641
3.04,0.014622,0.012139
3.05,0.014657,0.012638
3.06,0.014857,0.013136
3.07,0.015059,0.013635
3.08,0.015262,0.014133
3.09,0.015467,0.014632
3.1,0.015674,0.01513
3.11,0.015883,0.015629
3.12,0.016092,0.016128
3.13,0.016304,0.016626
3.14,0.016517,0.017125
3.15,0.016732,0.017623
3.16,0.016948,0.018122
3.17,0.017166,0.01862
3.18,0.017386,0.019119
3.19,0.017607,0.019617
3.2,0.01783,0.020116
3.21,0.018243,0.020614
3.22,0.01847,0.021113
3.23,0.0187,0.021612
3.24,0.018931,0.02211
3.25,0.019164,0.022609
3.26,0.019203,0.023107
3.27,0.019438,0.023606
3.28,0.019872,0.024104
3.29,0.020112,0.024603
3.3,0.020353,0.025101
3.31,0.020596,0.0256
3.32,0.020841,0.026099
3.33,0.020882,0.026597
3.34,0.021129,0.027096
3.35,0.021377,0.027594
3.36,0.021627,0.028093
3.37,0.02209,0.028591
3.38,0.022345,0.02909
3.39,0.022388,0.029588
3.4,0.022645,0.030087
3.41,0.022904,0.030586
3.42,0.023164,0.031084
3.43,0.023427,0.031583
3.44,0.023691,0.032081
3.45,0.024179,0.03258
3.46,0.024224,0.033078
3.47,0.024494,0.033577
3.48,0.024764,0.034075
3.49,0.025037,0.034574
3.5,0.025313,0.035072
3.51,0.025589,0.0356
3.52,0.025867,0.036128
3.53,0.026148,0.036655
3.54,0.02643,0.037183
3.55,0.026714,0.03771
3.56,0.026999,0.038238
3.57,0.027287,0.038765
3.58,0.027576,0.039293
3.59,0.027867,0.03982
3.6,0.028161,0.040348
3.61,0.028455,0.040875
3.62,0.029002,0.041403
3.63,0.029303,0.04193
3.64,0.029605,0.042458
3.65,0.029909,0.042986
3.66,0.030215,0.043513
3.67,0.030265,0.044041
3.68,0.030573,0.044568
3.69,0.030882,0.045096
3.7,0.031457,0.045623
3.71,0.031773,0.046151
3.72,0.03209,0.046678
3.73,0.032409,0.047206
3.74,0.032461,0.047733
3.75,0.032783,0.048261
3.76,0.033106,0.048788
3.77,0.033431,0.049316
3.78,0.034035,0.049843
3.79,0.034365,0.050371
3.8,0.034419,0.050899
3.81,0.034752,0.051426
3.82,0.035086,0.051954
3.83,0.035423,0.052481
3.84,0.035763,0.053009
3.85,0.036104,0.053536
3.86,0.036446,0.054064
3.87,0.037083,0.054591
3.88,0.037138,0.055119
3.89,0.037487,0.055646
3.9,0.037838,0.056174
3.91,0.038191,0.056701
3.92,0.038546,0.057229
3.93,0.038903,0.057757
3.94,0.039262,0.058284
3.95,0.039623,0.058812
3.96,0.039986,0.059339
3.97,0.040351,0.059867
3.98,0.040718,0.060394
3.99,0.041087,0.060922
4,0.041458,0.061449
4.01,0.041831,0.062197
4.02,0.042206,0.062945
4.03,0.042583,0.063693
4.04,0.042963,0.064441
4.05,0.043667,0.065188
4.06,0.044052,0.065936
4.07,0.044439,0.066684
4.08,0.044829,0.067432
4.09,0.044889,0.06818
4.1,0.045281,0.068928
4.11,0.045676,0.069675
4.12,0.046407,0.070423
4.13,0.046807,0.071171
4.14,0.047209,0.071919
4.15,0.047612,0.072667
4.16,0.047676,0.073414
4.17,0.048082,0.074162
4.18,0.04849,0.07491
4.19,0.048901,0.075658
4.2,0.049664,0.076406
4.21,0.050081,0.077154
4.22,0.050146,0.077901
4.23,0.050565,0.078649
4.24,0.050986,0.079397
4.25,0.05141,0.080145
4.26,0.051836,0.080893
4.27,0.052263,0.081641
4.28,0.053058,0.082388
4.29,0.053492,0.083136
4.3,0.053559,0.083884
4.31,0.053995,0.084632
4.32,0.054434,0.08538
4.33,0.054874,0.086128
4.34,0.055317,0.086875
4.35,0.055762,0.087623
4.36,0.056209,0.088371
4.37,0.056659,0.089119
4.38,0.05711,0.089867
4.39,0.057563,0.090614
4.4,0.05802,0.091362
4.41,0.058478,0.09211
4.42,0.058938,0.092858
4.43,0.0594,0.093606
4.44,0.059865,0.094354
4.45,0.060332,0.095101
4.46,0.0612,0.095849
4.47,0.061673,0.096597
4.48,0.062149,0.097345
4.49,0.062626,0.098093
4.5,0.063106,0.098841
4.51,0.063179,0.099606
4.52,0.063662,0.100371
4.53,0.064559,0.101136
4.54,0.065048,0.101901
4.55,0.06554,0.102667
4.56,0.066033,0.103432
4.57,0.066108,0.104197
4.58,0.066604,0.104962
4.59,0.067102,0.105728
4.6,0.067602,0.106493
4.61,0.068105,0.107258
4.62,0.06904,0.108023
4.63,0.069549,0.108788
4.64,0.069626,0.109554
4.65,0.070137,0.110319
4.66,0.070652,0.111084
4.67,0.071168,0.111849
4.68,0.071686,0.112614
4.69,0.072207,0.11338
4.7,0.073176,0.114145
4.71,0.073255,0.11491
4.72,0.073783,0.115675
4.73,0.074312,0.116441
4.74,0.074844,0.117206
4.75,0.07538,0.117971
4.76,0.075916,0.118736
4.77,0.076454,0.119501
4.78,0.076996,0.120267
4.79,0.07754,0.121032
4.8,0.078086,0.121797
4.81,0.078634,0.122562
4.82,0.079185,0.123328
4.83,0.079738,0.124093
4.84,0.080293,0.124858
4.85,0.08085,0.125623
4.86,0.08141,0.126388
4.87,0.082453,0.127154
4.88,0.083019,0.127919
4.89,0.083588,0.128684
4.9,0.084159,0.129449
4.91,0.084733,0.130214
4.92,0.084819,0.13098
4.93,0.085395,0.131745
4.94,0.085973,0.13251
4.95,0.087051,0.133275
4.96,0.087636,0.134041
4.97,0.088224,0.134806
4.98,0.088814,0.135571
4.99,0.088901,0.136336
5,0.089494,0.137101
5.01,0.090089,0.138191
5.02,0.090687,0.139281
5.03,0.0918,0.140371
5.04,0.092404,0.141461
5.05,0.092493,0.142551
5.06,0.0931,0.143641
5.07,0.093709,0.14473
5.08,0.09432,0.14582
5.09,0.094935,0.14691
5.1,0.095551,0.148
5.11,0.09617,0.14909
5.12,0.096792,0.15018
5.13,0.097415,0.15127
5.14,0.098041,0.152359
5.15,0.098669,0.153449
5.16,0.099301,0.154539
5.17,0.099934,0.155629
5.18,0.100569,0.156719
5.19,0.101207,0.157809
5.2,0.101847,0.158899
5.21,0.102491,0.159988
5.22,0.103136,0.161078
5.23,0.103784,0.162168
5.24,0.104434,0.163258
5.25,0.105087,0.164348
5.26,0.105741,0.165438
5.27,0.106399,0.166528
5.28,0.107058,0.167617
5.29,0.107721,0.168707
5.3,0.108956,0.169797
5.31,0.109625,0.170887
5.32,0.110297,0.171977
5.33,0.110394,0.173067
5.34,0.111068,0.174157
5.35,0.111744,0.175246
5.36,0.112425,0.176336
5.37,0.113692,0.177426
5.38,0.114378,0.178516
5.39,0.115067,0.179606
5.4,0.115758,0.180696
5.41,0.115858,0.181786
5.42,0.116552,0.182875
5.43,0.117248,0.183965
5.44,0.117948,0.185055
5.45,0.119252,0.186145
5.46,0.119958,0.187235
5.47,0.12006,0.188325
5.48,0.120768,0.189414
5.49,0.12148,0.190504
5.5,0.122194,0.191594
5.51,0.12291,0.192696
5.52,0.123629,0.193797
5.53,0.12497,0.194899
5.54,0.125073,0.196
5.55,0.1258,0.197101
5.56,0.126528,0.198203
5.57,0.127259,0.199304
5.58,0.127993,0.200406
5.59,0.128729,0.201507
5.6,0.129467,0.202609
5.61,0.130209,0.20371
5.62,0.130952,0.204812
5.63,0.131698,0.205913
5.64,0.132446,0.207014
5.65,0.133198,0.208116
5.66,0.133952,0.209217
5.67,0.134708,0.210319
5.68,0.135465,0.21142
5.69,0.136226,0.212522
5.7,0.13699,0.213623
5.71,0.138417,0.214725
5.72,0.139187,0.215826
5.73,0.13996,0.216928
5.74,0.140736,0.218029
5.75,0.140845,0.21913
5.76,0.141624,0.220232
5.77,0.142405,0.221333
5.78,0.143864,0.222435
5.79,0.144652,0.223536
5.8,0.145443,0.224638
5.81,0.146236,0.225739
5.82,0.146348,0.226841
5.83,0.147144,0.227942
5.84,0.147942,0.229043
5.85,0.148743,0.230145
5.86,0.15024,0.231246
5.87,0.151048,0.232348
5.88,0.151859,0.233449
5.89,0.151972,0.234551
5.9,0.152785,0.235652
5.91,0.153602,0.236754
5.92,0.15442,0.237855
5.93,0.155241,0.238957
5.94,0.156065,0.240058
5.95,0.157604,0.241159
5.96,0.157719,0.242261
5.97,0.15855,0.243362
5.98,0.159383,0.244464
5.99,0.160219,0.245565
6,0.161058,0.246667
6.01,0.162626,0.248191
6.02,0.162741,0.249716
6.03,0.163588,0.251241
6.04,0.164435,0.252765
6.05,0.165287,0.25429
6.06,0.16614,0.255814
6.07,0.166996,0.257339
6.08,0.168597,0.258864
6.09,0.168715,0.260388
6.1,0.169578,0.261913
6.11,0.170443,0.263438
6.12,0.172063,0.264962
6.13,0.172183,0.266487
6.14,0.173811,0.268012
6.15,0.173931,0.269536
6.16,0.174809,0.271061
6.17,0.176452,0.272586
6.18,0.176572,0.27411
6.19,0.178224,0.275635
6.2,0.178345,0.277159
6.21,0.180007,0.278684
6.22,0.180128,0.280209
6.23,0.181799,0.281733
6.24,0.182698,0.283258
6.25,0.182821,0.284783
6.26,0.184505,0.286307
6.27,0.184627,0.287832
6.28,0.186321,0.289357
6.29,0.186443,0.290881
6.3,0.187356,0.292406
6.31,0.18827,0.29393
6.32,0.189186,0.295455
6.33,0.190904,0.29698
6.34,0.191027,0.298504
6.35,0.192754,0.300029
6.36,0.192877,0.301554
6.37,0.193806,0.303078
6.38,0.194736,0.304603
6.39,0.19567,0.306128
6.4,0.196605,0.307652
6.41,0.197544,0.309177
6.42,0.199302,0.310701
6.43,0.199427,0.312226
6.44,0.201194,0.313751
6.45,0.201319,0.315275
6.46,0.202269,0.3168
6.47,0.203221,0.318325
6.48,0.204176,0.319849
6.49,0.205965,0.321374
6.5,0.206091,0.322899
6.51,0.207052,0.324423
6.52,0.208016,0.325948
6.53,0.208981,0.327472
6.54,0.209949,0.328997
6.55,0.211766,0.330522
6.56,0.211892,0.332046
6.57,0.213717,0.333571
6.58,0.214696,0.335096
6.59,0.214822,0.33662
6.6,0.216661,0.338145
6.61,0.216788,0.33967
6.62,0.218635,0.341194
6.63,0.218762,0.342719
6.64,0.220618,0.344243
6.65,0.220744,0.345768
6.66,0.221739,0.347293
6.67,0.223608,0.348817
6.68,0.223735,0.350342
6.69,0.225612,0.351867
6.7,0.225739,0.353391
6.71,0.226745,0.354916
6.72,0.227752,0.356441
6.73,0.228762,0.357965
6.74,0.23066,0.35949
6.75,0.230787,0.361014
6.76,0.232694,0.362539
6.77,0.232822,0.364064
6.78,0.233842,0.365588
6.79,0.234864,0.367113
6.8,0.235888,0.368638
6.81,0.236913,0.370162
6.82,0.237942,0.371687
6.83,0.239877,0.373212
6.84,0.240005,0.374736
6.85,0.241039,0.376261
6.86,0.242075,0.377786
6.87,0.243113,0.37931
6.88,0.244154,0.380835
6.89,0.245195,0.382359
6.9,0.246239,0.383884
6.91,0.247286,0.385409
6.92,0.248334,0.386933
6.93,0.249383,0.388458
6.94,0.250435,0.389983
6.95,0.251488,0.391507
6.96,0.253474,0.393032
6.97,0.253601,0.394557
6.98,0.254661,0.396081
6.99,0.256658,0.397606
7,0.256785,0.39913
7.01,0.258789,0.401107
7.02,0.258916,0.403084
7.03,0.260928,0.405061
7.04,0.261054,0.407038
7.05,0.262127,0.409014
7.06,0.2632,0.410991
7.07,0.264276,0.412968
7.08,0.266305,0.414945
7.09,0.266432,0.416922
7.1,0.268468,0.418899
7.11,0.268594,0.420875
7.12,0.269678,0.422852
7.13,0.270764,0.424829
7.14,0.271851,0.426806
7.15,0.273905,0.428783
7.16,0.274031,0.430759
7.17,0.276092,0.432736
7.18,0.276217,0.434713
7.19,0.277312,0.43669
7.2,0.278408,0.438667
7.21,0.279508,0.440643
7.22,0.280608,0.44262
7.23,0.281708,0.444597
7.24,0.283793,0.446574
7.25,0.283916,0.448551
7.26,0.285023,0.450528
7.27,0.28613,0.452504
7.28,0.28724,0.454481
7.29,0.28835,0.456458
7.3,0.289462,0.458435
7.31,0.290575,0.460412
7.32,0.29169,0.462388
7.33,0.292806,0.464365
7.34,0.293924,0.466342
7.35,0.295043,0.468319
7.36,0.296163,0.470296
7.37,0.298287,0.472272
7.38,0.298407,0.474249
7.39,0.300537,0.476226
7.4,0.301664,0.478203
7.41,0.301785,0.48018
7.42,0.303922,0.482157
7.43,0.304042,0.484133
7.44,0.306185,0.48611
7.45,0.306304,0.488087
7.46,0.307437,0.490064
7.47,0.308572,0.492041
7.48,0.309707,0.494017
7.49,0.311864,0.495994
7.5,0.311981,0.497971
7.51,0.314143,0.499942
7.52,0.31426,0.501913
7.53,0.316427,0.503884
7.54,0.316542,0.505855
7.55,0.317686,0.507826
7.56,0.31883,0.509797
7.57,0.319975,0.511768
7.58,0.322155,0.513739
7.59,0.322268,0.51571
7.6,0.324453,0.517681
7.61,0.324567,0.519652
7.62,0.325717,0.521623
7.63,0.326868,0.523594
7.64,0.32802,0.525565
7.65,0.330215,0.527536
7.66,0.330327,0.529507
7.67,0.331481,0.531478
7.68,0.332637,0.533449
7.69,0.333793,0.53542
7.7,0.334951,0.537391
7.71,0.336109,0.539362
7.72,0.337267,0.541333
7.73,0.338427,0.543304
7.74,0.340641,0.545275
7.75,0.340749,0.547246
7.76,0.342966,0.549217
7.77,0.343073,0.551188
7.78,0.345295,0.553159
7.79,0.345401,0.55513
7.8,0.347626,0.557101
7.81,0.347731,0.559072
7.82,0.348897,0.561043
7.83,0.351127,0.563014
7.84,0.351231,0.564986
7.85,0.353464,0.566957
7.86,0.353567,0.568928
7.87,0.355803,0.570899
7.88,0.355905,0.57287
7.89,0.357075,0.574841
7.9,0.359316,0.576812
7.91,0.359416,0.578783
7.92,0.361661,0.580754
7.93,0.36176,0.582725
7.94,0.364007,0.584696
7.95,0.364105,0.586667
7.96,0.365279,0.588638
7.97,0.366452,0.590609
7.98,0.367626,0.59258
7.99,0.36988,0.594551
8,0.369976,0.596522
8.01,0.372231,0.598829
8.02,0.372326,0.601136
8.03,0.373502,0.603443
8.04,0.374678,0.605751
8.05,0.375854,0.608058
8.06,0.37703,0.610365
8.07,0.378207,0.612672
8.08,0.38047,0.61498
8.09,0.380561,0.617287
8.1,0.381739,0.619594
8.11,0.382916,0.621901
8.12,0.384094,0.624209
8.13,0.385272,0.626516
8.14,0.386449,0.628823
8.15,0.388719,0.63113
8.16,0.388806,0.633438
8.17,0.389984,0.635745
8.18,0.391163,0.638052
8.19,0.392341,0.640359
8.2,0.39352,0.642667
8.21,0.395793,0.644974
8.22,0.395876,0.647281
8.23,0.397055,0.649588
8.24,0.39933,0.651896
8.25,0.399411,0.654203
8.26,0.401688,0.65651
8.27,0.401768,0.658817
8.28,0.404045,0.661125
8.29,0.404124,0.663432
8.3,0.405302,0.665739
8.31,0.40648,0.668046
8.32,0.407658,0.670354
8.33,0.409937,0.672661
8.34,0.410013,0.674968
8.35,0.412292,0.677275
8.36,0.412367,0.679583
8.37,0.413543,0.68189
8.38,0.41472,0.684197
8.39,0.415896,0.686504
8.4,0.418176,0.688812
8.41,0.418248,0.691119
8.42,0.420528,0.693426
8.43,0.420598,0.695733
8.44,0.421773,0.698041
8.45,0.422946,0.700348
8.46,0.424121,0.702655
8.47,0.425295,0.704962
8.48,0.426467,0.70727
8.49,0.428748,0.709577
8.5,0.428813,0.711884
8.51,0.429985,0.714191
8.52,0.431157,0.716499
8.53,0.432328,0.718806
8.54,0.433499,0.721113
8.55,0.434669,0.72342
8.56,0.435838,0.725728
8.57,0.437008,0.728035
8.58,0.438176,0.730342
8.59,0.439345,0.732649
8.6,0.440512,0.734957
8.61,0.441679,0.737264
8.62,0.443955,0.739571
8.63,0.444011,0.741878
8.64,0.446287,0.744186
8.65,0.447451,0.746493
8.66,0.447505,0.7488
8.67,0.449779,0.751107
8.68,0.449832,0.753414
8.69,0.452104,0.755722
8.7,0.452155,0.758029
8.71,0.453316,0.760336
8.72,0.454476,0.762643
8.73,0.455635,0.764951
8.74,0.457903,0.767258
8.75,0.457951,0.769565
8.76,0.460218,0.771872
8.77,0.460264,0.77418
8.78,0.46253,0.776487
8.79,0.462574,0.778794
8.8,0.463728,0.781101
8.81,0.464881,0.783409
8.82,0.466033,0.785716
8.83,0.468294,0.788023
8.84,0.468335,0.79033
8.85,0.470594,0.792638
8.86,0.470634,0.794945
8.87,0.471781,0.797252
8.88,0.472928,0.799559
8.89,0.474074,0.801867
8.9,0.476328,0.804174
8.91,0.476364,0.806481
8.92,0.477507,0.808788
8.93,0.478649,0.811096
8.94,0.47979,0.813403
8.95,0.480931,0.81571
8.96,0.48207,0.818017
8.97,0.483208,0.820325
8.98,0.484345,0.822632
8.99,0.486588,0.824939
9,0.486617,0.827246
9.01,0.488856,0.829252
9.02,0.488884,0.831258
9.03,0.491121,0.833264
9.04,0.491147,0.83527
9.05,0.493381,0.837275
9.06,0.493406,0.839281
9.07,0.494533,0.841287
9.08,0.496763,0.843293
9.09,0.496785,0.845299
9.1,0.499011,0.847304
9.11,0.499033,0.84931
9.12,0.501255,0.851316
9.13,0.501275,0.853322
9.14,0.502395,0.855328
9.15,0.504613,0.857333
9.16,0.50463,0.859339
9.17,0.506845,0.861345
9.18,0.50686,0.863351
9.19,0.509072,0.865357
9.2,0.509087,0.867362
9.21,0.510198,0.869368
9.22,0.511307,0.871374
9.23,0.512416,0.87338
9.24,0.514618,0.875386
9.25,0.514629,0.877391
9.26,0.516828,0.879397
9.27,0.516837,0.881403
9.28,0.517939,0.883409
9.29,0.51904,0.885414
9.3,0.520139,0.88742
9.31,0.521236,0.889426
9.32,0.522334,0.891432
9.33,0.524519,0.893438
9.34,0.524523,0.895443
9.35,0.525615,0.897449
9.36,0.526706,0.899455
9.37,0.527796,0.901461
9.38,0.528885,0.903467
9.39,0.529971,0.905472
9.4,0.532142,0.907478
9.41,0.532141,0.909484
9.42,0.533224,0.91149
9.43,0.534305,0.913496
9.44,0.535385,0.915501
9.45,0.536464,0.917507
9.46,0.538621,0.919513
9.47,0.538615,0.921519
9.48,0.53969,0.923525
9.49,0.541841,0.92553
9.5,0.541833,0.927536
9.51,0.54398,0.928783
9.52,0.543971,0.930029
9.53,0.546113,0.931275
9.54,0.546102,0.932522
9.55,0.547166,0.933768
9.56,0.548228,0.935014
9.57,0.549288,0.936261
9.58,0.551418,0.937507
9.59,0.551405,0.938754
9.6,0.55353,0.94
9.61,0.553514,0.941246
9.62,0.554567,0.942493
9.63,0.555618,0.943739
9.64,0.556668,0.944986
9.65,0.558781,0.946232
9.66,0.558762,0.947478
9.67,0.56087,0.948725
9.68,0.56085,0.949971
9.69,0.561891,0.951217
9.7,0.562931,0.952464
9.71,0.563969,0.95371
9.72,0.565006,0.954957
9.73,0.56604,0.956203
9.74,0.568131,0.957449
9.75,0.568106,0.958696
9.76,0.569136,0.959942
9.77,0.570164,0.961188
9.78,0.571191,0.962435
9.79,0.572216,0.963681
9.8,0.57324,0.964928
9.81,0.574261,0.966174
9.82,0.575281,0.96742
9.83,0.5763,0.968667
9.84,0.577316,0.969913
9.85,0.578331,0.971159
9.86,0.579344,0.972406
9.87,0.5814,0.973652
9.88,0.581366,0.974899
9.89,0.583416,0.976145
9.9,0.584422,0.977391
9.91,0.584386,0.978638
9.92,0.586427,0.979884
9.93,0.58639,0.98113
9.94,0.588426,0.982377
9.95,0.588387,0.983623
9.96,0.589383,0.98487
9.97,0.590378,0.986116
9.98,0.59137,0.987362
9.99,0.593392,0.988609
10,0.59335,0.989855
10.01,0.595366,0.990029
10.02,0.595323,0.990203
10.03,0.596307,0.990377
10.04,0.597289,0.990551
10.05,0.598269,0.990725
10.06,0.599247,0.990899
10.07,0.600224,0.991072
10.08,0.60222,0.991246
10.09,0.602172,0.99142
10.1,0.604162,0.991594
10.11,0.604113,0.991768
10.12,0.605081,0.991942
10.13,0.606047,0.992116
10.14,0.607011,0.99229
10.15,0.608986,0.992464
10.16,0.609945,0.992638
10.17,0.610903,0.992812
10.18,0.610849,0.992986
10.19,0.612812,0.993159
10.2,0.612758,0.993333
10.21,0.614714,0.993507
10.22,0.614658,0.993681
10.23,0.616609,0.993855
10.24,0.617554,0.994029
10.25,0.617497,0.994203
10.26,0.619438,0.994377
10.27,0.619379,0.994551
10.28,0.621315,0.994725
10.29,0.621255,0.994899
10.3,0.623184,0.995072
10.31,0.623123,0.995246
10.32,0.624055,0.99542
10.33,0.625974,0.995594
10.34,0.625912,0.995768
10.35,0.627825,0.995942
10.36,0.627761,0.996116
10.37,0.629668,0.99629
10.38,0.629603,0.996464
10.39,0.630522,0.996638
10.4,0.632419,0.996812
10.41,0.632353,0.996986
10.42,0.634244,0.997159
10.43,0.634177,0.997333
10.44,0.636062,0.997507
10.45,0.635993,0.997681
10.46,0.636898,0.997855
10.47,0.637802,0.998029
10.48,0.638703,0.998203
10.49,0.640572,0.998377
10.5,0.640501,0.998551
10.51,0.642363,0.99858
10.52,0.642291,0.998609
10.53,0.643183,0.998638
10.54,0.644073,0.998667
10.55,0.644962,0.998696
10.56,0.645848,0.998725
10.57,0.646733,0.998754
10.58,0.648573,0.998783
10.59,0.648497,0.998812
10.6,0.649376,0.998841
10.61,0.650253,0.99887
10.62,0.65208,0.998899
10.63,0.652002,0.998928
10.64,0.653823,0.998957
10.65,0.654691,0.998986
10.66,0.654611,0.999014
10.67,0.656422,0.999043
10.68,0.656341,0.999072
10.69,0.658146,0.999101
10.7,0.658064,0.99913
10.71,0.659862,0.999159
10.72,0.659779,0.999188
10.73,0.660634,0.999217
10.74,0.662422,0.999246
10.75,0.662337,0.999275
10.76,0.664119,0.999304
10.77,0.664034,0.999333
10.78,0.665808,0.999362
10.79,0.665722,0.999391
10.8,0.666564,0.99942
10.81,0.667404,0.999449
10.82,0.668241,0.999478
10.83,0.67,0.999507
10.84,0.669911,0.999536
10.85,0.671663,0.999565
10.86,0.671574,0.999594
10.87,0.672402,0.999623
10.88,0.673229,0.999652
10.89,0.674054,0.999681
10.9,0.675789,0.99971
10.91,0.675697,0.999739
10.92,0.677426,0.999768
10.93,0.677333,0.999797
10.94,0.678149,0.999826
10.95,0.678962,0.999855
10.96,0.679774,0.999884
10.97,0.680583,0.999913
10.98,0.681391,0.999942
10.99,0.683097,0.999971
11,0.683001,1
11.01,0.6847,1
11.02,0.684604,1
11.03,0.686296,1
11.04,0.686199,1
11.05,0.687885,1
11.06,0.687787,1
11.07,0.688578,1
11.08,0.690254,1
11.09,0.690155,1
11.1,0.691824,1
11.11,0.691724,1
11.12,0.693386,1
11.13,0.693285,1
11.14,0.694941,1
11.15,0.695716,1
11.16,0.695614,1
11.17,0.69726,1
11.18,0.697158,1
11.19,0.698797,1
11.2,0.698694,1
11.21,0.699459,1
11.22,0.700223,1
11.23,0.700984,1
11.24,0.702607,1
11.25,0.702502,1
11.26,0.704118,1
11.27,0.704012,1
11.28,0.704765,1
11.29,0.705515,1
11.3,0.706264,1
11.31,0.707011,1
11.32,0.707756,1
11.33,0.709349,1
11.34,0.709241,1
11.35,0.710827,1
11.36,0.710719,1
11.37,0.711455,1
11.38,0.712188,1
11.39,0.71292,1
11.4,0.714489,1
11.41,0.715215,1
11.42,0.71594,1
11.43,0.715828,1
11.44,0.717384,1
11.45,0.717271,1
11.46,0.71882,1
11.47,0.718707,1
11.48,0.720249,1
11.49,0.720962,1
11.5,0.720847,1
11.51,0.72238,1
11.52,0.722265,1
11.53,0.723791,1
11.54,0.723676,1
11.55,0.725195,1
11.56,0.725079,1
11.57,0.725778,1
11.58,0.727288,1
11.59,0.727171,1
11.6,0.728674,1
11.61,0.728556,1
11.62,0.730053,1
11.63,0.729935,1
11.64,0.730621,1
11.65,0.732108,1
11.66,0.731989,1
11.67,0.733469,1
11.68,0.73335,1
11.69,0.734824,1
11.7,0.734704,1
11.71,0.735379,1
11.72,0.736052,1
11.73,0.736724,1
11.74,0.738183,1
11.75,0.738064,1
11.76,0.739516,1
11.77,0.739397,1
11.78,0.740061,1
11.79,0.740724,1
11.8,0.741386,1
11.81,0.742046,1
11.82,0.742703,1
11.83,0.744136,1
11.84,0.744016,1
11.85,0.74467,1
11.86,0.745322,1
11.87,0.745974,1
11.88,0.746623,1
11.89,0.748037,1
11.9,0.748682,1
11.91,0.748562,1
11.92,0.749968,1
11.93,0.749848,1
11.94,0.751248,1
11.95,0.751128,1
11.96,0.752522,1
11.97,0.752402,1
11.98,0.753791,1
11.99,0.754423,1
12,0.754303,1
12.01,0.755683,1
12.02,0.755563,1
12.03,0.756936,1
12.04,0.756817,1
12.05,0.758185,1
12.06,0.758065,1
12.07,0.758688,1
12.08,0.760047,1
12.09,0.759928,1
12.1,0.761281,1
12.11,0.761162,1
12.12,0.762509,1
12.13,0.76239,1
12.14,0.763002,1
12.15,0.764342,1
12.16,0.764223,1
12.17,0.765556,1
12.18,0.765438,1
12.19,0.766765,1
12.2,0.766647,1
12.21,0.767969,1
12.22,0.767851,1
12.23,0.76845,1
12.24,0.769764,1
12.25,0.769645,1
12.26,0.770953,1
12.27,0.770835,1
12.28,0.772138,1
12.29,0.77202,1
12.3,0.77261,1
12.31,0.773199,1
12.32,0.773786,1
12.33,0.775074,1
12.34,0.774957,1
12.35,0.77624,1
12.36,0.776122,1
12.37,0.776703,1
12.38,0.777282,1
12.39,0.777861,1
12.4,0.779129,1
12.41,0.779013,1
12.42,0.780276,1
12.43,0.780159,1
12.44,0.781417,1
12.45,0.781301,1
12.46,0.781869,1
12.47,0.782437,1
12.48,0.783003,1
12.49,0.784247,1
12.5,0.784131,1
12.51,0.785369,1
12.52,0.785253,1
12.53,0.786487,1
12.54,0.786371,1
12.55,0.786928,1
12.56,0.787483,1
12.57,0.788037,1
12.58,0.789257,1
12.59,0.789142,1
12.6,0.790356,1
12.61,0.790241,1
12.62,0.790789,1
12.63,0.791335,1
12.64,0.79188,1
12.65,0.793081,1
12.66,0.792966,1
12.67,0.794162,1
12.68,0.794048,1
12.69,0.795237,1
12.7,0.795123,1
12.71,0.79566,1
12.72,0.796194,1
12.73,0.796728,1
12.74,0.797904,1
12.75,0.797791,1
12.76,0.798962,1
12.77,0.798849,1
12.78,0.800014,1
12.79,0.799902,1
12.8,0.800426,1
12.81,0.80095,1
12.82,0.801472,1
12.83,0.802624,1
12.84,0.802512,1
12.85,0.803659,1
12.86,0.803548,1
12.87,0.804689,1
12.88,0.804578,1
12.89,0.805091,1
12.9,0.806224,1
12.91,0.806113,1
12.92,0.807242,1
12.93,0.807131,1
12.94,0.808254,1
12.95,0.808143,1
12.96,0.809261,1
12.97,0.809151,1
12.98,0.809653,1
12.99,0.810763,1
13,0.810653,1
13.01,0.811758,1
13.02,0.811648,1
13.03,0.812748,1
13.04,0.812639,1
13.05,0.813733,1
13.06,0.813624,1
13.07,0.814115,1
13.08,0.815201,1
13.09,0.815093,1
13.1,0.816174,1
13.11,0.816065,1
13.12,0.817141,1
13.13,0.817033,1
13.14,0.818104,1
13.15,0.818583,1
13.16,0.818476,1
13.17,0.819539,1
13.18,0.819432,1
13.19,0.820489,1
13.2,0.820383,1
13.21,0.821435,1
13.22,0.821328,1
13.23,0.8218,1
13.24,0.822844,1
13.25,0.822738,1
13.26,0.823206,1
13.27,0.823672,1
13.28,0.824137,1
13.29,0.824601,1
13.3,0.825064,1
13.31,0.825525,1
13.32,0.825985,1
13.33,0.827006,1
13.34,0.826902,1
13.35,0.827358,1
13.36,0.827814,1
13.37,0.828268,1
13.38,0.828721,1
13.39,0.829172,1
13.4,0.830175,1
13.41,0.830072,1
13.42,0.83107,1
13.43,0.830967,1
13.44,0.83196,1
13.45,0.831857,1
13.46,0.8323,1
13.47,0.832743,1
13.48,0.833183,1
13.49,0.834163,1
13.5,0.834061,1
13.51,0.835036,1
13.52,0.834935,1
13.53,0.835904,1
13.54,0.835803,1
13.55,0.836235,1
13.56,0.836667,1
13.57,0.837097,1
13.58,0.838054,1
13.59,0.837953,1
13.6,0.838905,1
13.61,0.838805,1
13.62,0.839752,1
13.63,0.839652,1
13.64,0.840593,1
13.65,0.841012,1
13.66,0.84143,1
13.67,0.841847,1
13.68,0.841748,1
13.69,0.842677,1
13.7,0.842579,1
13.71,0.842992,1
13.72,0.843404,1
13.73,0.843815,1
13.74,0.844731,1
13.75,0.844633,1
13.76,0.845544,1
13.77,0.845446,1
13.78,0.845852,1
13.79,0.846255,1
13.8,0.846658,1
13.81,0.847059,1
13.82,0.847955,1
13.83,0.848352,1
13.84,0.848256,1
13.85,0.849144,1
13.86,0.849049,1
13.87,0.849443,1
13.88,0.849836,1
13.89,0.850227,1
13.9,0.851103,1
13.91,0.851491,1
13.92,0.851878,1
13.93,0.851784,1
13.94,0.852648,1
13.95,0.852554,1
13.96,0.852937,1
13.97,0.85332,1
13.98,0.854175,1
13.99,0.854553,1
14,0.85446,1
14.01,0.855307,1
14.02,0.855214,1
14.03,0.856056,1
14.04,0.855964,1
14.05,0.856337,1
14.06,0.856708,1
14.07,0.857079,1
14.08,0.857908,1
14.09,0.857816,1
14.1,0.858184,1
14.11,0.858549,1
14.12,0.858914,1
14.13,0.859278,1
14.14,0.860091,1
14.15,0.860451,1
14.16,0.860361,1
14.17,0.861167,1
14.18,0.861077,1
14.19,0.861878,1
14.2,0.861788,1
14.21,0.862584,1
14.22,0.862495,1
14.23,0.862847,1
14.24,0.863635,1
14.25,0.863546,1
14.26,0.863894,1
14.27,0.864241,1
14.28,0.865019,1
14.29,0.864931,1
14.3,0.865704,1
14.31,0.866045,1
14.32,0.865957,1
14.33,0.866297,1
14.34,0.866636,1
14.35,0.867396,1
14.36,0.867309,1
14.37,0.867644,1
14.38,0.867978,1
14.39,0.86831,1
14.4,0.869058,1
14.41,0.869387,1
14.42,0.869715,1
14.43,0.869629,1
14.44,0.869956,1
14.45,0.870282,1
14.46,0.871014,1
14.47,0.870929,1
14.48,0.871251,1
14.49,0.871975,1
14.5,0.871891,1
14.51,0.87221,1
14.52,0.872527,1
14.53,0.873241,1
14.54,0.873158,1
14.55,0.873867,1
14.56,0.874178,1
14.57,0.874095,1
14.58,0.874797,1
14.59,0.874714,1
14.6,0.87541,1
14.61,0.875328,1
14.62,0.875633,1
14.63,0.875938,1
14.64,0.876624,1
14.65,0.876924,1
14.66,0.876843,1
14.67,0.877521,1
14.68,0.87744,1
14.69,0.877737,1
14.7,0.878033,1
14.71,0.878701,1
14.72,0.87862,1
14.73,0.878913,1
14.74,0.879204,1
14.75,0.879494,1
14.76,0.880149,1
14.77,0.88007,1
14.78,0.880356,1
14.79,0.880641,1
14.8,0.881286,1
14.81,0.881567,1
14.82,0.881489,1
14.83,0.882126,1
14.84,0.882048,1
14.85,0.882326,1
14.86,0.882602,1
14.87,0.882878,1
14.88,0.883152,1
14.89,0.883425,1
14.9,0.883697,1
14.91,0.883968,1
14.92,0.884582,1
14.93,0.884506,1
14.94,0.884773,1
14.95,0.885038,1
14.96,0.885643,1
14.97,0.885566,1
14.98,0.885829,1
14.99,0.886425,1
15,0.886684,1
15.01,0.886941,1
15.02,0.886866,1
15.03,0.887122,1
15.04,0.887377,1
15.05,0.887631,1
15.06,0.888209,1
15.07,0.888135,1
15.08,0.888385,1
15.09,0.888634,1
15.1,0.889202,1
15.11,0.889128,1
15.12,0.889374,1
15.13,0.889618,1
15.14,0.889861,1
15.15,0.890416,1
15.16,0.890655,1
15.17,0.890893,1
15.18,0.89082,1
15.19,0.891365,1
15.2,0.891293,1
15.21,0.891528,1
15.22,0.891761,1
15.23,0.891993,1
15.24,0.892224,1
15.25,0.892454,1
15.26,0.89298,1
15.27,0.892909,1
15.28,0.893135,1
15.29,0.89336,1
15.3,0.893876,1
15.31,0.894097,1
15.32,0.894317,1
15.33,0.894535,1
15.34,0.894466,1
15.35,0.894683,1
15.36,0.8949,1
15.37,0.895115,1
15.38,0.895329,1
15.39,0.895541,1
15.4,0.895753,1
15.41,0.895963,1
15.42,0.896447,1
15.43,0.896379,1
15.44,0.896586,1
15.45,0.896791,1
15.46,0.897265,1
15.47,0.897198,1
15.48,0.8974,1
15.49,0.897866,1
15.5,0.898064,1
15.51,0.89826,1
15.52,0.898194,1
15.53,0.898389,1
15.54,0.898583,1
15.55,0.898777,1
15.56,0.899224,1
15.57,0.899159,1
15.58,0.899348,1
15.59,0.899536,1
15.6,0.899724,1
15.61,0.899909,1
15.62,0.900341,1
15.63,0.900276,1
15.64,0.900459,1
15.65,0.900883,1
15.66,0.901061,1
15.67,0.901237,1
15.68,0.901174,1
15.69,0.90135,1
15.7,0.901524,1
15.71,0.901698,1
15.72,0.901869,1
15.73,0.902041,1
15.74,0.902441,1
15.75,0.902378,1
15.76,0.902546,1
15.77,0.902711,1
15.78,0.903101,1
15.79,0.903039,1
15.8,0.903202,1
15.81,0.903363,1
15.82,0.903522,1
15.83,0.903899,1
15.84,0.903838,1
15.85,0.903994,1
15.86,0.904149,1
15.87,0.904514,1
15.88,0.904454,1
15.89,0.904605,1
15.9,0.904963,1
15.91,0.904903,1
15.92,0.90505,1
15.93,0.905197,1
15.94,0.905543,1
15.95,0.905485,1
15.96,0.905627,1
15.97,0.905768,1
15.98,0.905908,1
15.99,0.906241,1
16,0.906183,1
16.01,0.906512,1
16.02,0.906454,1
16.03,0.906587,1
16.04,0.906719,1
16.05,0.907037,1
16.06,0.907166,1
16.07,0.907108,1
16.08,0.907418,1
16.09,0.907362,1
16.1,0.907666,1
16.11,0.907609,1
16.12,0.907731,1
16.13,0.907852,1
16.14,0.907972,1
16.15,0.90809,1
16.16,0.908207,1
16.17,0.908323,1
16.18,0.908437,1
16.19,0.908718,1
16.2,0.908663,1
16.21,0.908774,1
16.22,0.908883,1
16.23,0.908991,1
16.24,0.909258,1
16.25,0.909204,1
16.26,0.909308,1
16.27,0.909411,1
16.28,0.909514,1
16.29,0.909614,1
16.3,0.909864,1
16.31,0.909961,1
16.32,0.909908,1
16.33,0.91015,1
16.34,0.910098,1
16.35,0.910191,1
16.36,0.910282,1
16.37,0.910373,1
16.38,0.910462,1
16.39,0.91055,1
16.4,0.910773,1
16.41,0.910722,1
16.42,0.910806,1
16.43,0.910889,1
16.44,0.911101,1
16.45,0.91105,1
16.46,0.911257,1
16.47,0.911206,1
16.48,0.911283,1
16.49,0.911358,1
16.5,0.911432,1
16.51,0.911625,1
16.52,0.911576,1
16.53,0.911645,1
16.54,0.911714,1
16.55,0.911781,1
16.56,0.911961,1
16.57,0.912024,1
16.58,0.912086,1
16.59,0.912038,1
16.6,0.912098,1
16.61,0.912158,1
16.62,0.912217,1
16.63,0.912273,1
16.64,0.912329,1
16.65,0.912384,1
16.66,0.912437,1
16.67,0.912586,1
16.68,0.912539,1
16.69,0.912683,1
16.7,0.912636,1
16.71,0.912683,1
16.72,0.912729,1
16.73,0.912772,1
16.74,0.912903,1
16.75,0.912857,1
16.76,0.912897,1
16.77,0.912936,1
16.78,0.912973,1
16.79,0.91301,1
16.8,0.913123,1
16.81,0.913155,1
16.82,0.913186,1
16.83,0.913215,1
16.84,0.913171,1
16.85,0.9132,1
16.86,0.913227,1
16.87,0.913321,1
16.88,0.913277,1
16.89,0.913366,1
16.9,0.913386,1
16.91,0.913343,1
16.92,0.913423,1
16.93,0.91338,1
16.94,0.913396,1
16.95,0.913412,1
16.96,0.913426,1
16.97,0.913439,1
16.98,0.91345,1
16.99,0.913511,1
17,0.913469,1
17.01,0.913524,1
17.02,0.913482,1
17.03,0.913487,1
17.04,0.913491,1
17.05,0.913493,1
17.06,0.913534,1
17.07,0.913493,1
17.08,0.913529,1
17.09,0.913488,1
17.1,0.913484,1
17.11,0.913478,1
17.12,0.913471,1
17.13,0.913463,1
17.14,0.913481,1
17.15,0.913469,1
17.16,0.913455,1
17.17,0.91344,1
17.18,0.9134,1
17.19,0.913384,1
17.2,0.913367,1
17.21,0.913348,1
17.22,0.913327,1
17.23,0.913305,1
17.24,0.913282,1
17.25,0.913258,1
17.26,0.913243,1
17.27,0.913205,1
17.28,0.913177,1
17.29,0.913147,1
17.3,0.913116,1
17.31,0.913084,1
17.32,0.91305,1
17.33,0.913015,1
17.34,0.912979,1
17.35,0.912938,1
17.36,0.912902,1
17.37,0.912856,1
17.38,0.91282,1
17.39,0.912777,1
17.4,0.912732,1
17.41,0.912687,1
17.42,0.91264,1
17.43,0.912591,1
17.44,0.912525,1
17.45,0.91249,1
17.46,0.912419,1
17.47,0.912384,1
17.48,0.912307,1
17.49,0.912249,1
17.5,0.912214,1
17.51,0.912155,1
17.52,0.912095,1
17.53,0.912003,1
17.54,0.911969,1
17.55,0.911873,1
17.56,0.911805,1
17.57,0.911736,1
17.58,0.911666,1
17.59,0.911633,1
17.6,0.911562,1
17.61,0.911489,1
17.62,0.911415,1
17.63,0.911339,1
17.64,0.911263,1
17.65,0.911185,1
17.66,0.911105,1
17.67,0.911024,1
17.68,0.910942,1
17.69,0.910805,1
17.7,0.910774,1
17.71,0.910687,1
17.72,0.9106,1
17.73,0.910511,1
17.74,0.91042,1
17.75,0.910328,1
17.76,0.910235,1
17.77,0.910141,1
17.78,0.910045,1
17.79,0.909948,1
17.8,0.909779,1
17.81,0.909678,1
17.82,0.909648,1
17.83,0.909471,1
17.84,0.909442,1
17.85,0.909336,1
17.86,0.909229,1
17.87,0.909121,1
17.88,0.909012,1
17.89,0.908901,1
17.9,0.908789,1
17.91,0.908675,1
17.92,0.908472,1
17.93,0.908444,1
17.94,0.908235,1
17.95,0.908207,1
17.96,0.907992,1
17.97,0.907964,1
17.98,0.907841,1
17.99,0.907618,1
18,0.907591,1
18.01,0.907463,1
18.02,0.907335,1
18.03,0.907099,1
18.04,0.907073,1
18.05,0.906832,1
18.06,0.906696,1
18.07,0.906559,1
18.08,0.906421,1
18.09,0.906394,1
18.1,0.906139,1
18.11,0.906114,1
18.12,0.905971,1
18.13,0.905827,1
18.14,0.905682,1
18.15,0.905412,1
18.16,0.905387,1
18.17,0.905237,1
18.18,0.905087,1
18.19,0.904934,1
18.2,0.904781,1
18.21,0.904626,1
18.22,0.904469,1
18.23,0.904311,1
18.24,0.904015,1
18.25,0.903992,1
18.26,0.90369,1
18.27,0.903666,1
18.28,0.903359,1
18.29,0.903336,1
18.3,0.903168,1
18.31,0.902999,1
18.32,0.902828,1
18.33,0.902657,1
18.34,0.902484,1
18.35,0.902309,1
18.36,0.902133,1
18.37,0.901799,1
18.38,0.901777,1
18.39,0.901437,1
18.4,0.901254,1
18.41,0.901232,1
18.42,0.900884,1
18.43,0.900863,1
18.44,0.900508,1
18.45,0.900487,1
18.46,0.900297,1
18.47,0.900105,1
18.48,0.899913,1
18.49,0.899719,1
18.5,0.899523,1
18.51,0.899326,1
18.52,0.899128,1
18.53,0.898747,1
18.54,0.898727,1
18.55,0.89834,1
18.56,0.898135,1
18.57,0.897928,1
18.58,0.89772,1
18.59,0.8977,1
18.6,0.897299,1
18.61,0.89728,1
18.62,0.897067,1
18.63,0.896853,1
18.64,0.896638,1
18.65,0.896222,1
18.66,0.896203,1
18.67,0.895781,1
18.68,0.895763,1
18.69,0.895541,1
18.7,0.895317,1
18.71,0.895092,1
18.72,0.894865,1
18.73,0.894637,1
18.74,0.894408,1
18.75,0.894177,1
18.76,0.893945,1
18.77,0.893712,1
18.78,0.893477,1
18.79,0.89324,1
18.8,0.893002,1
18.81,0.892539,1
18.82,0.892522,1
18.83,0.892053,1
18.84,0.892037,1
18.85,0.891562,1
18.86,0.891545,1
18.87,0.891298,1
18.88,0.891049,1
18.89,0.890798,1
18.9,0.890308,1
18.91,0.890293,1
18.92,0.890037,1
18.93,0.889781,1
18.94,0.889523,1
18.95,0.889264,1
18.96,0.889004,1
18.97,0.888742,1
18.98,0.888479,1
18.99,0.888214,1
19,0.887948,1
19.01,0.88768,1
19.02,0.887411,1
19.03,0.886882,1
19.04,0.886868,1
19.05,0.886595,1
19.06,0.886058,1
19.07,0.886044,1
19.08,0.885501,1
19.09,0.885487,1
19.1,0.884938,1
19.11,0.884925,1
19.12,0.88437,1
19.13,0.884357,1
19.14,0.88407,1
19.15,0.883507,1
19.16,0.883493,1
19.17,0.883203,1
19.18,0.882911,1
19.19,0.882618,1
19.2,0.882323,1
19.21,0.882027,1
19.22,0.881729,1
19.23,0.88143,1
19.24,0.88113,1
19.25,0.880828,1
19.26,0.880524,1
19.27,0.88022,1
19.28,0.879913,1
19.29,0.879605,1
19.3,0.878997,1
19.31,0.878685,1
19.32,0.878674,1
19.33,0.878057,1
19.34,0.878046,1
19.35,0.877423,1
19.36,0.877412,1
19.37,0.876783,1
19.38,0.876772,1
19.39,0.876138,1
19.4,0.875813,1
19.41,0.875802,1
19.42,0.875159,1
19.43,0.875148,1
19.44,0.874499,1
19.45,0.874488,1
19.46,0.874156,1
19.47,0.873823,1
19.48,0.873488,1
19.49,0.872823,1
19.5,0.872814,1
19.51,0.872474,1
19.52,0.872134,1
19.53,0.871792,1
19.54,0.871448,1
19.55,0.871103,1
19.56,0.870418,1
19.57,0.870409,1
19.58,0.87006,1
19.59,0.869709,1
19.6,0.869357,1
19.61,0.869004,1
19.62,0.868649,1
19.63,0.868292,1
19.64,0.867583,1
19.65,0.867222,1
19.66,0.86686,1
19.67,0.866497,1
19.68,0.866488,1
19.69,0.865765,1
19.7,0.865757,1
19.71,0.865027,1
19.72,0.86502,1
19.73,0.864284,1
19.74,0.863911,1
19.75,0.863535,1
19.76,0.863159,1
19.77,0.863151,1
19.78,0.862401,1
19.79,0.862394,1
19.8,0.861638,1
19.81,0.861254,1
19.82,0.860869,1
19.83,0.860483,1
19.84,0.860476,1
19.85,0.859705,1
19.86,0.859698,1
19.87,0.859307,1
19.88,0.858915,1
19.89,0.858521,1
19.9,0.857735,1
19.91,0.857729,1
19.92,0.856938,1
19.93,0.856931,1
19.94,0.856531,1
19.95,0.856128,1
19.96,0.855724,1
19.97,0.855319,1
19.98,0.854912,1
19.99,0.854101,1
20,0.854095,1
20.01,0.853684,1
20.02,0.853271,1
20.03,0.852858,1
20.04,0.852442,1
20.05,0.852026,1
20.06,0.851193,1
20.07,0.851188,1
20.08,0.85035,1
20.09,0.850345,1
20.1,0.849921,1
20.11,0.849495,1
20.12,0.849069,1
20.13,0.848641,1
20.14,0.848211,1
20.15,0.847352,1
20.16,0.847347,1
20.17,0.846913,1
20.18,0.846478,1
20.19,0.846041,1
20.2,0.845603,1
20.21,0.845163,1
20.22,0.844722,1
20.23,0.84428,1
20.24,0.843836,1
20.25,0.843391,1
20.26,0.842944,1
20.27,0.842496,1
20.28,0.842046,1
20.29,0.841595,1
20.3,0.841143,1
20.31,0.840689,1
20.32,0.840233,1
20.33,0.839777,1
20.34,0.839319,1
20.35,0.838859,1
20.36,0.838398,1
20.37,0.837936,1
20.38,0.837472,1
20.39,0.837007,1
20.4,0.83654,1
20.41,0.836072,1
20.42,0.835602,1
20.43,0.835131,1
20.44,0.834659,1
20.45,0.834185,1
20.46,0.83371,1
20.47,0.833233,1
20.48,0.832755,1
20.49,0.832276,1
20.5,0.831795,1
20.51,0.831313,1
20.52,0.830829,1
20.53,0.830344,1
20.54,0.829857,1
20.55,0.829369,1
20.56,0.82888,1
20.57,0.828389,1
20.58,0.827897,1
20.59,0.827404,1
20.6,0.826909,1
20.61,0.826412,1
20.62,0.825914,1
20.63,0.825415,1
20.64,0.824915,1
20.65,0.824413,1
20.66,0.823909,1
20.67,0.822899,1
20.68,0.822898,1
20.69,0.821883,1
20.7,0.821881,1
20.71,0.82137,1
20.72,0.820858,1
20.73,0.820345,1
20.74,0.819316,1
20.75,0.819314,1
20.76,0.81828,1
20.77,0.818278,1
20.78,0.817758,1
20.79,0.817236,1
20.8,0.816713,1
20.81,0.815664,1
20.82,0.815663,1
20.83,0.814608,1
20.84,0.814607,1
20.85,0.813547,1
20.86,0.813546,1
20.87,0.813013,1
20.88,0.812479,1
20.89,0.811943,1
20.9,0.810869,1
20.91,0.810868,1
20.92,0.809788,1
20.93,0.809787,1
20.94,0.808702,1
20.95,0.808701,1
20.96,0.808155,1
20.97,0.807062,1
20.98,0.807061,1
20.99,0.805961,1
21,0.805961,1
21.01,0.804856,1
21.02,0.804855,1
21.03,0.8043,1
21.04,0.803744,1
21.05,0.803186,1
21.06,0.802068,1
21.07,0.802067,1
21.08,0.800943,1
21.09,0.800942,1
21.1,0.799812,1
21.11,0.799812,1
21.12,0.799245,1
21.13,0.798676,1
21.14,0.798106,1
21.15,0.796963,1
21.16,0.796962,1
21.17,0.795813,1
21.18,0.795813,1
21.19,0.794658,1
21.2,0.794658,1
21.21,0.794079,1
21.22,0.792916,1
21.23,0.792916,1
21.24,0.791748,1
21.25,0.791748,1
21.26,0.790574,1
21.27,0.790574,1
21.28,0.789985,1
21.29,0.789395,1
21.3,0.788803,1
21.31,0.787617,1
21.32,0.787616,1
21.33,0.786424,1
21.34,0.786424,1
21.35,0.785226,1
21.36,0.785226,1
21.37,0.784625,1
21.38,0.784023,1
21.39,0.78342,1
21.4,0.782209,1
21.41,0.782209,1
21.42,0.780993,1
21.43,0.780992,1
21.44,0.779771,1
21.45,0.779771,1
21.46,0.779158,1
21.47,0.777929,1
21.48,0.777929,1
21.49,0.776694,1
21.5,0.776694,1
21.51,0.775454,1
21.52,0.775454,1
21.53,0.774832,1
21.54,0.774209,1
21.55,0.773585,1
21.56,0.772332,1
21.57,0.772332,1
21.58,0.771073,1
21.59,0.771073,1
21.6,0.76981,1
21.61,0.76981,1
21.62,0.769177,1
21.63,0.768542,1
21.64,0.767906,1
21.65,0.766629,1
21.66,0.766629,1
21.67,0.765348,1
21.68,0.765405,1
21.69,0.764119,1
21.7,0.764119,1
21.71,0.763474,1
21.72,0.762179,1
21.73,0.762179,1
21.74,0.76088,1
21.75,0.76088,1
21.76,0.759576,1
21.77,0.759576,1
21.78,0.758922,1
21.79,0.758267,1
21.8,0.75761,1
21.81,0.756293,1
21.82,0.756293,1
21.83,0.754971,1
21.84,0.754971,1
21.85,0.753645,1
21.86,0.753645,1
21.87,0.752979,1
21.88,0.752313,1
21.89,0.751645,1
21.9,0.750306,1
21.91,0.750306,1
21.92,0.748962,1
21.93,0.748962,1
21.94,0.747614,1
21.95,0.747614,1
21.96,0.746937,1
21.97,0.745581,1
21.98,0.745581,1
21.99,0.74422,1
22,0.74422,1
22.01,0.743538,0
22.02,0.74217,0
22.03,0.74217,0
22.04,0.741484,0
22.05,0.740797,0
22.06,0.73942,0
22.07,0.73942,0
22.08,0.738729,0
22.09,0.737344,0
22.1,0.73665,0
22.11,0.73665,0
22.12,0.735955,0
22.13,0.734561,0
22.14,0.734561,0
22.15,0.733862,0
22.16,0.732461,0
22.17,0.731759,0
22.18,0.731759,0
22.19,0.731056,0
22.2,0.729646,0
22.21,0.729646,0
22.22,0.728939,0
22.23,0.727522,0
22.24,0.726812,0
22.25,0.726812,0
22.26,0.7261,0
22.27,0.724674,0
22.28,0.724674,0
22.29,0.723959,0
22.3,0.723244,0
22.31,0.721809,0
22.32,0.721809,0
22.33,0.721089,0
22.34,0.719648,0
22.35,0.718925,0
22.36,0.718925,0
22.37,0.718202,0
22.38,0.716751,0
22.39,0.716751,0
22.4,0.716024,0
22.41,0.714567,0
22.42,0.713837,0
22.43,0.713837,0
22.44,0.713106,0
22.45,0.71164,0
22.46,0.71164,0
22.47,0.710906,0
22.48,0.709434,0
22.49,0.708696,0
22.5,0.708696,0
22.51,0.707958,0
22.52,0.706477,0
22.53,0.706477,0
22.54,0.705735,0
22.55,0.704993,0
22.56,0.703504,0
22.57,0.703504,0
22.58,0.702758,0
22.59,0.701263,0
22.6,0.700514,0
22.61,0.700514,0
22.62,0.699764,0
22.63,0.698261,0
22.64,0.698261,0
22.65,0.697507,0
22.66,0.695998,0
22.67,0.695242,0
22.68,0.695242,0
22.69,0.694485,0
22.7,0.692968,0
22.71,0.692968,0
22.72,0.692208,0
22.73,0.690685,0
22.74,0.689922,0
22.75,0.689922,0
22.76,0.689158,0
22.77,0.687627,0
22.78,0.687627,0
22.79,0.68686,0
22.8,0.686092,0
22.81,0.684553,0
22.82,0.684553,0
22.83,0.683782,0
22.84,0.682238,0
22.85,0.681465,0
22.86,0.681465,0
22.87,0.68069,0
22.88,0.679138,0
22.89,0.679138,0
22.9,0.678361,0
22.91,0.676804,0
22.92,0.676024,0
22.93,0.676024,0
22.94,0.675243,0
22.95,0.673678,0
22.96,0.673678,0
22.97,0.672894,0
22.98,0.671324,0
22.99,0.670538,0
23,0.670538,0
23.01,0.669751,0
23.02,0.668173,0
23.03,0.668173,0
23.04,0.667384,0
23.05,0.666593,0
23.06,0.665009,0
23.07,0.665009,0
23.08,0.664215,0
23.09,0.662626,0
23.1,0.66183,0
23.11,0.66183,0
23.12,0.661033,0
23.13,0.659437,0
23.14,0.659437,0
23.15,0.658638,0
23.16,0.657037,0
23.17,0.656235,0
23.18,0.656235,0
23.19,0.655433,0
23.2,0.653825,0
23.21,0.653825,0
23.22,0.65302,0
23.23,0.651407,0
23.24,0.6506,0
23.25,0.6506,0
23.26,0.649792,0
23.27,0.648173,0
23.28,0.648173,0
23.29,0.647362,0
23.3,0.646551,0
23.31,0.644926,0
23.32,0.644926,0
23.33,0.644112,0
23.34,0.642483,0
23.35,0.641667,0
23.36,0.641667,0
23.37,0.64085,0
23.38,0.639214,0
23.39,0.639214,0
23.4,0.638395,0
23.41,0.636755,0
23.42,0.635934,0
23.43,0.635934,0
23.44,0.635112,0
23.45,0.633467,0
23.46,0.633467,0
23.47,0.632643,0
23.48,0.630992,0
23.49,0.630166,0
23.5,0.630166,0
23.51,0.629339,0
23.52,0.627684,0
23.53,0.627684,0
23.54,0.626855,0
23.55,0.626025,0
23.56,0.624364,0
23.57,0.624364,0
23.58,0.623533,0
23.59,0.621868,0
23.6,0.621034,0
23.61,0.621034,0
23.62,0.6202,0
23.63,0.61853,0
23.64,0.61853,0
23.65,0.617693,0
23.66,0.616019,0
23.67,0.615181,0
23.68,0.615181,0
23.69,0.614343,0
23.7,0.612664,0
23.71,0.612664,0
23.72,0.611823,0
23.73,0.61014,0
23.74,0.609298,0
23.75,0.609298,0
23.76,0.608455,0
23.77,0.606768,0
23.78,0.606768,0
23.79,0.605923,0
23.8,0.605078,0
23.81,0.603386,0
23.82,0.603386,0
23.83,0.602539,0
23.84,0.600844,0
23.85,0.599995,0
23.86,0.599995,0
23.87,0.599146,0
23.88,0.597446,0
23.89,0.597446,0
23.9,0.596595,0
23.91,0.594892,0
23.92,0.59404,0
23.93,0.59404,0
23.94,0.593187,0
23.95,0.59148,0
23.96,0.59148,0
23.97,0.590626,0
23.98,0.588916,0
23.99,0.58806,0
24,0.58806,0
24.01,0.587204,0
24.02,0.58549,0
24.03,0.58549,0
24.04,0.584632,0
24.05,0.583774,0
24.06,0.582056,0
24.07,0.582056,0
24.08,0.581196,0
24.09,0.579476,0
24.1,0.579476,0
24.11,0.578615,0
24.12,0.577754,0
24.13,0.57603,0
24.14,0.57603,0
24.15,0.575167,0
24.16,0.573441,0
24.17,0.573441,0
24.18,0.572577,0
24.19,0.571712,0
24.2,0.569983,0
24.21,0.569983,0
24.22,0.569117,0
24.23,0.567385,0
24.24,0.567385,0
24.25,0.566519,0
24.26,0.565651,0
24.27,0.563916,0
24.28,0.563916,0
24.29,0.563048,0
24.3,0.561311,0
24.31,0.560442,0
24.32,0.560442,0
24.33,0.559572,0
24.34,0.557832,0
24.35,0.557832,0
24.36,0.556962,0
24.37,0.556091,0
24.38,0.554348,0
24.39,0.554348,0
24.4,0.553477,0
24.41,0.551732,0
24.42,0.551732,0
24.43,0.550859,0
24.44,0.549986,0
24.45,0.54824,0
24.46,0.548239,0
24.47,0.547366,0
24.48,0.545617,0
24.49,0.545617,0
24.5,0.544742,0
24.51,0.543867,0
24.52,0.542117,0
24.53,0.542117,0
24.54,0.541241,0
24.55,0.539489,0
24.56,0.538613,0
24.57,0.538613,0
24.58,0.537736,0
24.59,0.535982,0
24.6,0.535982,0
24.61,0.535105,0
24.62,0.534227,0
24.63,0.532471,0
24.64,0.532471,0
24.65,0.531593,0
24.66,0.529836,0
24.67,0.529836,0
24.68,0.528958,0
24.69,0.528079,0
24.7,0.52632,0
24.71,0.52632,0
24.72,0.525441,0
24.73,0.523682,0
24.74,0.523682,0
24.75,0.522802,0
24.76,0.521922,0
24.77,0.520161,0
24.78,0.520161,0
24.79,0.519281,0
24.8,0.517519,0
24.81,0.516639,0
24.82,0.516639,0
24.83,0.515758,0
24.84,0.513995,0
24.85,0.513995,0
24.86,0.513114,0
24.87,0.512233,0
24.88,0.51047,0
24.89,0.51047,0
24.9,0.509588,0
24.91,0.507824,0
24.92,0.507824,0
24.93,0.506942,0
24.94,0.506061,0
24.95,0.504296,0
24.96,0.504296,0
24.97,0.503414,0
24.98,0.50165,0
24.99,0.50165,0
25,0.500768,0
25.01,0.499885,0
25.02,0.498121,0
25.03,0.498121,0
25.04,0.497238,0
25.05,0.495473,0
25.06,0.494591,0
25.07,0.494591,0
25.08,0.493708,0
25.09,0.491944,0
25.1,0.491944,0
25.11,0.491061,0
25.12,0.490179,0
25.13,0.488414,0
25.14,0.488414,0
25.15,0.487532,0
25.16,0.485767,0
25.17,0.485767,0
25.18,0.484885,0
25.19,0.484003,0
25.2,0.482239,0
25.21,0.482239,0
25.22,0.481357,0
25.23,0.479593,0
25.24,0.479593,0
25.25,0.478711,0
25.26,0.477829,0
25.27,0.476066,0
25.28,0.476066,0
25.29,0.475185,0
25.3,0.473422,0
25.31,0.472541,0
25.32,0.472541,0
25.33,0.47166,0
25.34,0.469898,0
25.35,0.469898,0
25.36,0.469017,0
25.37,0.468137,0
25.38,0.466376,0
25.39,0.466376,0
25.4,0.465496,0
25.41,0.463736,0
25.42,0.463736,0
25.43,0.462856,0
25.44,0.461977,0
25.45,0.460218,0
25.46,0.460218,0
25.47,0.459339,0
25.48,0.457581,0
25.49,0.457581,0
25.5,0.456703,0
25.51,0.455825,0
25.52,0.454069,0
25.53,0.454068,0
25.54,0.453191,0
25.55,0.451436,0
25.56,0.450559,0
25.57,0.450559,0
25.58,0.449682,0
25.59,0.447929,0
25.6,0.447929,0
25.61,0.447053,0
25.62,0.446177,0
25.63,0.444426,0
25.64,0.444426,0
25.65,0.44355,0
25.66,0.441801,0
25.67,0.441801,0
25.68,0.440926,0
25.69,0.440052,0
25.7,0.438305,0
25.71,0.438305,0
25.72,0.437431,0
25.73,0.435686,0
25.74,0.435686,0
25.75,0.434813,0
25.76,0.433941,0
25.77,0.432198,0
25.78,0.432198,0
25.79,0.431326,0
25.8,0.429585,0
25.81,0.428715,0
25.82,0.428715,0
25.83,0.427845,0
25.84,0.426106,0
25.85,0.426106,0
25.86,0.425237,0
25.87,0.424368,0
25.88,0.422632,0
25.89,0.422632,0
25.9,0.421765,0
25.91,0.420031,0
25.92,0.420031,0
25.93,0.419164,0
25.94,0.418298,0
25.95,0.416567,0
25.96,0.416567,0
25.97,0.415702,0
25.98,0.413974,0
25.99,0.413974,0
26,0.41311,0
26.01,0.412247,0
26.02,0.410522,0
26.03,0.410522,0
26.04,0.40966,0
26.05,0.407937,0
26.06,0.407076,0
26.07,0.407076,0
26.08,0.406216,0
26.09,0.404496,0
26.1,0.404496,0
26.11,0.403637,0
26.12,0.402779,0
26.13,0.401063,0
26.14,0.401063,0
26.15,0.400206,0
26.16,0.398493,0
26.17,0.398493,0
26.18,0.397637,0
26.19,0.396782,0
26.2,0.395073,0
26.21,0.395073,0
26.22,0.394219,0
26.23,0.392513,0
26.24,0.392513,0
26.25,0.391661,0
26.26,0.390809,0
26.27,0.389107,0
26.28,0.389107,0
26.29,0.388256,0
26.3,0.386558,0
26.31,0.385709,0
26.32,0.385709,0
26.33,0.384861,0
26.34,0.383166,0
26.35,0.383166,0
26.36,0.382319,0
26.37,0.381474,0
26.38,0.379783,0
26.39,0.379783,0
26.4,0.378939,0
26.41,0.377252,0
26.42,0.377252,0
26.43,0.376409,0
26.44,0.375567,0
26.45,0.373885,0
26.46,0.373885,0
26.47,0.373045,0
26.48,0.371366,0
26.49,0.371366,0
26.5,0.370528,0
26.51,0.36969,0
26.52,0.368016,0
26.53,0.368016,0
26.54,0.36718,0
26.55,0.36551,0
26.56,0.364676,0
26.57,0.364676,0
26.58,0.363842,0
26.59,0.362177,0
26.6,0.362177,0
26.61,0.361346,0
26.62,0.360515,0
26.63,0.358855,0
26.64,0.358855,0
26.65,0.358026,0
26.66,0.35637,0
26.67,0.35637,0
26.68,0.355543,0
26.69,0.354716,0
26.7,0.353066,0
26.71,0.353066,0
26.72,0.352241,0
26.73,0.350595,0
26.74,0.350595,0
26.75,0.349773,0
26.76,0.348951,0
26.77,0.34731,0
26.78,0.34731,0
26.79,0.346491,0
26.8,0.344854,0
26.81,0.344037,0
26.82,0.344037,0
26.83,0.34322,0
26.84,0.341589,0
26.85,0.341589,0
26.86,0.340775,0
26.87,0.339961,0
26.88,0.338336,0
26.89,0.338336,0
26.9,0.337525,0
26.91,0.335904,0
26.92,0.335904,0
26.93,0.335095,0
26.94,0.334286,0
26.95,0.332672,0
26.96,0.332672,0
26.97,0.331866,0
26.98,0.330256,0
26.99,0.330256,0
27,0.329452,0
27.01,0.328649,0
27.02,0.327045,0
27.03,0.327045,0
27.04,0.326245,0
27.05,0.324646,0
27.06,0.323848,0
27.07,0.323847,0
27.08,0.32305,0
27.09,0.321458,0
27.1,0.321457,0
27.11,0.320662,0
27.12,0.319868,0
27.13,0.318282,0
27.14,0.318282,0
27.15,0.31749,0
27.16,0.315909,0
27.17,0.315909,0
27.18,0.31512,0
27.19,0.314332,0
27.2,0.312757,0
27.21,0.312757,0
27.22,0.311971,0
27.23,0.310402,0
27.24,0.310402,0
27.25,0.309619,0
27.26,0.308836,0
27.27,0.307274,0
27.28,0.307274,0
27.29,0.306494,0
27.3,0.304937,0
27.31,0.30416,0
27.32,0.30416,0
27.33,0.303383,0
27.34,0.301833,0
27.35,0.301833,0
27.36,0.301059,0
27.37,0.300287,0
27.38,0.298744,0
27.39,0.298743,0
27.4,0.297973,0
27.41,0.296436,0
27.42,0.296436,0
27.43,0.295668,0
27.44,0.294902,0
27.45,0.293372,0
27.46,0.293371,0
27.47,0.292608,0
27.48,0.291083,0
27.49,0.291083,0
27.5,0.290322,0
27.51,0.289562,0
27.52,0.288044,0
27.53,0.288044,0
27.54,0.287287,0
27.55,0.285775,0
27.56,0.285021,0
27.57,0.285021,0
27.58,0.284267,0
27.59,0.282763,0
27.6,0.282763,0
27.61,0.282012,0
27.62,0.281263,0
27.63,0.279766,0
27.64,0.279766,0
27.65,0.279019,0
27.66,0.277529,0
27.67,0.277529,0
27.68,0.276785,0
27.69,0.276042,0
27.7,0.274559,0
27.71,0.274559,0
27.72,0.273819,0
27.73,0.272342,0
27.74,0.272342,0
27.75,0.271605,0
27.76,0.270869,0
27.77,0.2694,0
27.78,0.269399,0
27.79,0.268666,0
27.8,0.267203,0
27.81,0.266473,0
27.82,0.266473,0
27.83,0.265744,0
27.84,0.264289,0
27.85,0.264289,0
27.86,0.263563,0
27.87,0.262838,0
27.88,0.261391,0
27.89,0.261391,0
27.9,0.260669,0
27.91,0.259228,0
27.92,0.259228,0
27.93,0.258509,0
27.94,0.257792,0
27.95,0.256359,0
27.96,0.256359,0
27.97,0.255644,0
27.98,0.254218,0
27.99,0.254218,0
28,0.253506,0
28.01,0.252796,0
28.02,0.251378,0
28.03,0.251378,0
28.04,0.25067,0
28.05,0.249259,0
28.06,0.248555,0
28.07,0.248554,0
28.08,0.247851,0
28.09,0.246448,0
28.1,0.246448,0
28.11,0.245748,0
28.12,0.245049,0
28.13,0.243655,0
28.14,0.243654,0
28.15,0.242959,0
28.16,0.241571,0
28.17,0.24157,0
28.18,0.240878,0
28.19,0.240186,0
28.2,0.238807,0
28.21,0.238807,0
28.22,0.238119,0
28.23,0.236746,0
28.24,0.236746,0
28.25,0.236061,0
28.26,0.235377,0
28.27,0.234013,0
28.28,0.234012,0
28.29,0.233332,0
28.3,0.231974,0
28.31,0.231297,0
28.32,0.231297,0
28.33,0.230621,0
28.34,0.229272,0
28.35,0.229272,0
28.36,0.228599,0
28.37,0.227927,0
28.38,0.226587,0
28.39,0.226587,0
28.4,0.225919,0
28.41,0.224585,0
28.42,0.224585,0
28.43,0.22392,0
28.44,0.223256,0
28.45,0.221932,0
28.46,0.221932,0
28.47,0.221271,0
28.48,0.219954,0
28.49,0.219953,0
28.5,0.219296,0
28.51,0.21864,0
28.52,0.217332,0
28.53,0.217331,0
28.54,0.216679,0
28.55,0.215377,0
28.56,0.214728,0
28.57,0.214728,0
28.58,0.214079,0
28.59,0.212787,0
28.6,0.212787,0
28.61,0.212142,0
28.62,0.211499,0
28.63,0.210215,0
28.64,0.210215,0
28.65,0.209574,0
28.66,0.208298,0
28.67,0.208298,0
28.68,0.207661,0
28.69,0.207025,0
28.7,0.205758,0
28.71,0.205758,0
28.72,0.205126,0
28.73,0.203865,0
28.74,0.203865,0
28.75,0.203236,0
28.76,0.202609,0
28.77,0.201358,0
28.78,0.201357,0
28.79,0.200733,0
28.8,0.199489,0
28.81,0.198869,0
28.82,0.198868,0
28.83,0.198249,0
28.84,0.197014,0
28.85,0.197014,0
28.86,0.196398,0
28.87,0.195783,0
28.88,0.194558,0
28.89,0.194557,0
28.9,0.193946,0
28.91,0.192727,0
28.92,0.192727,0
28.93,0.19212,0
28.94,0.191513,0
28.95,0.190304,0
28.96,0.190304,0
28.97,0.189701,0
28.98,0.188498,0
28.99,0.188498,0
29,0.187899,0
29.01,0.1873,0
29.02,0.186108,0
29.03,0.186107,0
29.04,0.185513,0
29.05,0.184327,0
29.06,0.183736,0
29.07,0.183736,0
29.08,0.183146,0
29.09,0.181969,0
29.1,0.181969,0
29.11,0.181383,0
29.12,0.180798,0
29.13,0.179631,0
29.14,0.17963,0
29.15,0.179049,0
29.16,0.177889,0
29.17,0.177889,0
29.18,0.17731,0
29.19,0.176733,0
29.2,0.175583,0
29.21,0.175583,0
29.22,0.17501,0
29.23,0.173867,0
29.24,0.173866,0
29.25,0.173296,0
29.26,0.172728,0
29.27,0.171594,0
29.28,0.171594,0
29.29,0.171029,0
29.3,0.169903,0
29.31,0.169341,0
29.32,0.169341,0
29.33,0.16878,0
29.34,0.167664,0
29.35,0.167663,0
29.36,0.167107,0
29.37,0.166551,0
29.38,0.165444,0
29.39,0.165443,0
29.4,0.164891,0
29.41,0.163791,0
29.42,0.163791,0
29.43,0.163243,0
29.44,0.162695,0
29.45,0.161605,0
29.46,0.161604,0
29.47,0.161061,0
29.48,0.159977,0
29.49,0.159977,0
29.5,0.159437,0
29.51,0.158898,0
29.52,0.157824,0
29.53,0.157824,0
29.54,0.157289,0
29.55,0.156222,0
29.56,0.15569,0
29.57,0.15569,0
29.58,0.15516,0
29.59,0.154102,0
29.6,0.154102,0
29.61,0.153575,0
29.62,0.15305,0
29.63,0.152002,0
29.64,0.152002,0
29.65,0.151479,0
29.66,0.150439,0
29.67,0.150439,0
29.68,0.14992,0
29.69,0.149403,0
29.7,0.148372,0
29.71,0.148372,0
29.72,0.147858,0
29.73,0.146834,0
29.74,0.146834,0
29.75,0.146324,0
29.76,0.145815,0
29.77,0.1448,0
29.78,0.1448,0
29.79,0.144295,0
29.8,0.143287,0
29.81,0.142786,0
29.82,0.142785,0
29.83,0.142285,0
29.84,0.141287,0
29.85,0.141287,0
29.86,0.14079,0
29.87,0.140294,0
29.88,0.139306,0
29.89,0.139305,0
29.9,0.138813,0
29.91,0.137832,0
29.92,0.137832,0
29.93,0.137343,0
29.94,0.136855,0
29.95,0.135884,0
29.96,0.135883,0
29.97,0.135399,0
29.98,0.134435,0
29.99,0.134435,0
30,0.133954,0
30.01,0.133475,0
30.02,0.13252,0
30.03,0.132519,0
30.04,0.132044,0
30.05,0.131096,0
30.06,0.130623,0
30.07,0.130623,0
30.08,0.130152,0
30.09,0.129214,0
30.1,0.129213,0
30.11,0.128746,0
30.12,0.12828,0
30.13,0.12735,0
30.14,0.12735,0
30.15,0.126887,0
30.16,0.125965,0
30.17,0.125965,0
30.18,0.125505,0
30.19,0.125047,0
30.2,0.124134,0
30.21,0.124134,0
30.22,0.123679,0
30.23,0.122774,0
30.24,0.122773,0
30.25,0.122322,0
30.26,0.121872,0
30.27,0.120976,0
30.28,0.120976,0
30.29,0.120529,0
30.3,0.11964,0
30.31,0.119197,0
30.32,0.119196,0
30.33,0.118754,0
30.34,0.117874,0
30.35,0.117874,0
30.36,0.117436,0
30.37,0.116999,0
30.38,0.116127,0
30.39,0.116127,0
30.4,0.115693,0
30.41,0.114829,0
30.42,0.114829,0
30.43,0.114399,0
30.44,0.113969,0
30.45,0.113115,0
30.46,0.113114,0
30.47,0.112689,0
30.48,0.111841,0
30.49,0.11184,0
30.5,0.111418,0
30.51,0.110997,0
30.52,0.110158,0
30.53,0.110158,0
30.54,0.10974,0
30.55,0.108908,0
30.56,0.108494,0
30.57,0.108493,0
30.58,0.10808,0
30.59,0.107257,0
30.6,0.107257,0
30.61,0.106847,0
30.62,0.106439,0
30.63,0.105625,0
30.64,0.105624,0
30.65,0.105219,0
30.66,0.104412,0
30.67,0.104412,0
30.68,0.10401,0
30.69,0.103609,0
30.7,0.102811,0
30.71,0.102811,0
30.72,0.102413,0
30.73,0.101622,0
30.74,0.101622,0
30.75,0.101228,0
30.76,0.100834,0
30.77,0.100052,0
30.78,0.100052,0
30.79,0.099662,0
30.8,0.098886,0
30.81,0.0985,0
30.82,0.0985,0
30.83,0.098114,0
30.84,0.097348,0
30.85,0.097347,0
30.86,0.096965,0
30.87,0.096585,0
30.88,0.095826,0
30.89,0.095826,0
30.9,0.095449,0
30.91,0.094697,0
30.92,0.094697,0
30.93,0.094323,0
30.94,0.093949,0
30.95,0.093207,0
30.96,0.093206,0
30.97,0.092836,0
30.98,0.0921,0
30.99,0.0921,0
31,0.091733,0
31.01,0.091368,0
31.02,0.09064,0
31.03,0.09064,0
31.04,0.090277,0
31.05,0.089556,0
31.06,0.089197,0
31.07,0.089197,0
31.08,0.088839,0
31.09,0.088126,0
31.1,0.088126,0
31.11,0.087771,0
31.12,0.087418,0
31.13,0.086713,0
31.14,0.086713,0
31.15,0.086363,0
31.16,0.085665,0
31.17,0.085665,0
31.18,0.085317,0
31.19,0.084971,0
31.2,0.084282,0
31.21,0.084281,0
31.22,0.083938,0
31.23,0.083255,0
31.24,0.083255,0
31.25,0.082915,0
31.26,0.082576,0
31.27,0.081901,0
31.28,0.081901,0
31.29,0.081565,0
31.3,0.080897,0
31.31,0.080564,0
31.32,0.080564,0
31.33,0.080232,0
31.34,0.079572,0
31.35,0.079572,0
31.36,0.079243,0
31.37,0.078916,0
31.38,0.078264,0
31.39,0.078264,0
31.4,0.077939,0
31.41,0.077293,0
31.42,0.077293,0
31.43,0.076972,0
31.44,0.076651,0
31.45,0.076014,0
31.46,0.076013,0
31.47,0.075696,0
31.48,0.075064,0
31.49,0.075064,0
31.5,0.07475,0
31.51,0.074436,0
31.52,0.073813,0
31.53,0.073813,0
31.54,0.073502,0
31.55,0.072885,0
31.56,0.072578,0
31.57,0.072577,0
31.58,0.072271,0
31.59,0.071661,0
31.6,0.071661,0
31.61,0.071358,0
31.62,0.071056,0
31.63,0.070454,0
31.64,0.070453,0
31.65,0.070154,0
31.66,0.069558,0
31.67,0.069558,0
31.68,0.069261,0
31.69,0.068966,0
31.7,0.068378,0
31.71,0.068377,0
31.72,0.068085,0
31.73,0.067503,0
31.74,0.067502,0
31.75,0.067213,0
31.76,0.066924,0
31.77,0.066349,0
31.78,0.066349,0
31.79,0.066063,0
31.8,0.065495,0
31.81,0.065212,0
31.82,0.065211,0
31.83,0.064929,0
31.84,0.064368,0
31.85,0.064368,0
31.86,0.064088,0
31.87,0.06381,0
31.88,0.063257,0
31.89,0.063256,0
31.9,0.062981,0
31.91,0.062433,0
31.92,0.062433,0
31.93,0.06216,0
31.94,0.061888,0
31.95,0.061348,0
31.96,0.061347,0
31.97,0.061078,0
31.98,0.060543,0
31.99,0.060543,0
32,0.060277,0
32.01,0.060011,0
32.02,0.059484,0
32.03,0.059484,0
32.04,0.059221,0
32.05,0.058699,0
32.06,0.058698,0
32.07,0.058439,0
32.08,0.05818,0
32.09,0.057665,0
32.1,0.057664,0
32.11,0.057408,0
32.12,0.057153,0
32.13,0.056645,0
32.14,0.056645,0
32.15,0.056392,0
32.16,0.05589,0
32.17,0.055889,0
32.18,0.055639,0
32.19,0.05539,0
32.2,0.054895,0
32.21,0.054895,0
32.22,0.054648,0
32.23,0.054158,0
32.24,0.054158,0
32.25,0.053914,0
32.26,0.053671,0
32.27,0.053188,0
32.28,0.053187,0
32.29,0.052947,0
32.3,0.052469,0
32.31,0.052469,0
32.32,0.052231,0
32.33,0.051994,0
32.34,0.051523,0
32.35,0.051522,0
32.36,0.051288,0
32.37,0.051055,0
32.38,0.05059,0
32.39,0.05059,0
32.4,0.050359,0
32.41,0.0499,0
32.42,0.049899,0
32.43,0.049671,0
32.44,0.049443,0
32.45,0.04899,0
32.46,0.04899,0
32.47,0.048765,0
32.48,0.048317,0
32.49,0.048317,0
32.5,0.048094,0
32.51,0.047872,0
32.52,0.047431,0
32.53,0.047431,0
32.54,0.047212,0
32.55,0.046776,0
32.56,0.046775,0
32.57,0.046558,0
32.58,0.046342,0
32.59,0.045912,0
32.6,0.045912,0
32.61,0.045698,0
32.62,0.045486,0
32.63,0.045062,0
32.64,0.045062,0
32.65,0.044851,0
32.66,0.044433,0
32.67,0.044432,0
32.68,0.044224,0
32.69,0.044017,0
32.7,0.043604,0
32.71,0.043604,0
32.72,0.043399,0
32.73,0.042991,0
32.74,0.042991,0
32.75,0.042788,0
32.76,0.042586,0
32.77,0.042185,0
32.78,0.042185,0
32.79,0.041985,0
32.8,0.041588,0
32.81,0.041588,0
32.82,0.041391,0
32.83,0.041194,0
32.84,0.040803,0
32.85,0.040803,0
32.86,0.040609,0
32.87,0.040415,0
32.88,0.04003,0
32.89,0.04003,0
32.9,0.039839,0
32.91,0.039459,0
32.92,0.039458,0
32.93,0.039269,0
32.94,0.039081,0
32.95,0.038706,0
32.96,0.038706,0
32.97,0.03852,0
32.98,0.03815,0
32.99,0.03815,0
33,0.037966,0
33.01,0.037782,0
33.02,0.037418,0
33.03,0.037418,0
33.04,0.037237,0
33.05,0.036877,0
33.06,0.036877,0
33.07,0.036698,0
33.08,0.036519,0
33.09,0.036165,0
33.1,0.036165,0
33.11,0.035989,0
33.12,0.035814,0
33.13,0.035465,0
33.14,0.035465,0
33.15,0.035291,0
33.16,0.034947,0
33.17,0.034947,0
33.18,0.034775,0
33.19,0.034605,0
33.2,0.034266,0
33.21,0.034266,0
33.22,0.034097,0
33.23,0.033762,0
33.24,0.033762,0
33.25,0.033596,0
33.26,0.03343,0
33.27,0.0331,0
33.28,0.0331,0
33.29,0.032936,0
33.3,0.032611,0
33.31,0.032611,0
33.32,0.032449,0
33.33,0.032288,0
33.34,0.031968,0
33.35,0.031967,0
33.36,0.031808,0
33.37,0.03165,0
33.38,0.031335,0
33.39,0.031335,0
33.4,0.031178,0
33.41,0.030867,0
33.42,0.030867,0
33.43,0.030712,0
33.44,0.030558,0
33.45,0.030253,0
33.46,0.030252,0
33.47,0.0301,0
33.48,0.029798,0
33.49,0.029798,0
33.5,0.029648,0
33.51,0.029498,0
33.52,0.029201,0
33.53,0.029201,0
33.54,0.029053,0
33.55,0.02876,0
33.56,0.02876,0
33.57,0.028614,0
33.58,0.028469,0
33.59,0.02818,0
33.6,0.02818,0
33.61,0.028037,0
33.62,0.027894,0
33.63,0.027611,0
33.64,0.02761,0
33.65,0.027469,0
33.66,0.02719,0
33.67,0.027189,0
33.68,0.02705,0
33.69,0.026912,0
33.7,0.026636,0
33.71,0.026636,0
33.72,0.026499,0
33.73,0.026228,0
33.74,0.026228,0
33.75,0.026092,0
33.76,0.025958,0
33.77,0.025691,0
33.78,0.025691,0
33.79,0.025558,0
33.8,0.025295,0
33.81,0.025294,0
33.82,0.025163,0
33.83,0.025033,0
33.84,0.024774,0
33.85,0.024774,0
33.86,0.024645,0
33.87,0.024517,0
33.88,0.024262,0
33.89,0.024262,0
33.9,0.024136,0
33.91,0.023885,0
33.92,0.023884,0
33.93,0.023759,0
33.94,0.023635,0
33.95,0.023388,0
33.96,0.023388,0
33.97,0.023265,0
33.98,0.023022,0
33.99,0.023022,0
34,0.022901,0
34.01,0.02278,0
34.02,0.022541,0
34.03,0.022541,0
34.04,0.022422,0
34.05,0.022186,0
34.06,0.022185,0
34.07,0.022068,0
34.08,0.021951,0
34.09,0.02172,0
34.1,0.021719,0
34.11,0.021604,0
34.12,0.02149,0
34.13,0.021262,0
34.14,0.021261,0
34.15,0.021148,0
34.16,0.020923,0
34.17,0.020923,0
34.18,0.020811,0
34.19,0.020701,0
34.2,0.02048,0
34.21,0.020479,0
34.22,0.02037,0
34.23,0.020152,0
34.24,0.020152,0
34.25,0.020044,0
34.26,0.019936,0
34.27,0.019722,0
34.28,0.019722,0
34.29,0.019616,0
34.3,0.019405,0
34.31,0.019405,0
34.32,0.0193,0
34.33,0.019196,0
34.34,0.018989,0
34.35,0.018989,0
34.36,0.018886,0
34.37,0.018784,0
34.38,0.01858,0
34.39,0.01858,0
34.4,0.018479,0
34.41,0.018279,0
34.42,0.018279,0
34.43,0.018179,0
34.44,0.01808,0
34.45,0.017883,0
34.46,0.017883,0
34.47,0.017785,0
34.48,0.017591,0
34.49,0.017591,0
34.5,0.017495,0
34.51,0.017399,0
34.52,0.017209,0
34.53,0.017208,0
34.54,0.017114,0
34.55,0.016926,0
34.56,0.016926,0
34.57,0.016832,0
34.58,0.01674,0
34.59,0.016556,0
34.6,0.016555,0
34.61,0.016464,0
34.62,0.016373,0
34.63,0.016192,0
34.64,0.016192,0
34.65,0.016102,0
34.66,0.015924,0
34.67,0.015924,0
34.68,0.015835,0
34.69,0.015747,0
34.7,0.015572,0
34.71,0.015572,0
34.72,0.015485,0
34.73,0.015313,0
34.74,0.015313,0
34.75,0.015227,0
34.76,0.015142,0
34.77,0.014973,0
34.78,0.014973,0
34.79,0.014889,0
34.8,0.014722,0
34.81,0.014722,0
34.82,0.014639,0
34.83,0.014557,0
34.84,0.014394,0
34.85,0.014393,0
34.86,0.014312,0
34.87,0.014232,0
34.88,0.014071,0
34.89,0.014071,0
34.9,0.013991,0
34.91,0.013834,0
34.92,0.013833,0
34.93,0.013755,0
34.94,0.013677,0
34.95,0.013522,0
34.96,0.013522,0
34.97,0.013445,0
34.98,0.013293,0
34.99,0.013292,0
35,0.013216,0
35.01,0.013141,0
35.02,0.012992,0
35.03,0.012991,0
35.04,0.012917,0
35.05,0.01277,0
35.06,0.012769,0
35.07,0.012696,0
35.08,0.012623,0
35.09,0.012479,0
35.1,0.012479,0
35.11,0.012407,0
35.12,0.012336,0
35.13,0.012194,0
35.14,0.012194,0
35.15,0.012123,0
35.16,0.011984,0
35.17,0.011984,0
35.18,0.011914,0
35.19,0.011846,0
35.2,0.011709,0
35.21,0.011709,0
35.22,0.011641,0
35.23,0.011506,0
35.24,0.011506,0
35.25,0.011439,0
35.26,0.011372,0
35.27,0.01124,0
35.28,0.01124,0
35.29,0.011175,0
35.3,0.011045,0
35.31,0.011044,0
35.32,0.01098,0
35.33,0.010916,0
35.34,0.010788,0
35.35,0.010788,0
35.36,0.010725,0
35.37,0.010662,0
35.38,0.010537,0
35.39,0.010537,0
35.4,0.010475,0
35.41,0.010352,0
35.42,0.010352,0
35.43,0.010291,0
35.44,0.01023,0
35.45,0.01011,0
35.46,0.01011,0
35.47,0.01005,0
35.48,0.009931,0
35.49,0.009931,0
35.5,0.009872,0
35.51,0.009814,0
35.52,0.009698,0
35.53,0.009697,0
35.54,0.00964,0
35.55,0.009526,0
35.56,0.009525,0
35.57,0.009468,0
35.58,0.009412,0
35.59,0.0093,0
35.6,0.0093,0
35.61,0.009244,0
35.62,0.009189,0
35.63,0.009079,0
35.64,0.009079,0
35.65,0.009025,0
35.66,0.008917,0
35.67,0.008917,0
35.68,0.008863,0
35.69,0.00881,0
35.7,0.008704,0
35.71,0.008704,0
35.72,0.008651,0
35.73,0.008548,0
35.74,0.008547,0
35.75,0.008496,0
35.76,0.008444,0
35.77,0.008343,0
35.78,0.008342,0
35.79,0.008292,0
35.8,0.008192,0
35.81,0.008191,0
35.82,0.008142,0
35.83,0.008092,0
35.84,0.007994,0
35.85,0.007994,0
35.86,0.007945,0
35.87,0.007897,0
35.88,0.007801,0
35.89,0.007801,0
35.9,0.007753,0
35.91,0.007659,0
35.92,0.007658,0
35.93,0.007611,0
35.94,0.007565,0
35.95,0.007472,0
35.96,0.007472,0
35.97,0.007426,0
35.98,0.007335,0
35.99,0.007335,0
36,0.00729,0
36.01,0.007245,0
36.02,0.007156,0
36.03,0.007156,0
36.04,0.007112,0
36.05,0.007024,0
36.06,0.007024,0
36.07,0.006981,0
36.08,0.006937,0
36.09,0.006852,0
36.1,0.006851,0
36.11,0.006809,0
36.12,0.006767,0
36.13,0.006683,0
36.14,0.006683,0
36.15,0.006641,0
36.16,0.006559,0
36.17,0.006558,0
36.18,0.006518,0
36.19,0.006477,0
36.2,0.006396,0
36.21,0.006396,0
36.22,0.006356,0
36.23,0.006277,0
36.24,0.006277,0
36.25,0.006237,0
36.26,0.006198,0
36.27,0.006121,0
36.28,0.00612,0
36.29,0.006082,0
36.3,0.006006,0
36.31,0.006005,0
36.32,0.005968,0
36.33,0.00593,0
36.34,0.005855,0
36.35,0.005855,0
36.36,0.005818,0
36.37,0.005782,0
36.38,0.005708,0
36.39,0.005708,0
36.4,0.005672,0
36.41,0.0056,0
36.42,0.0056,0
36.43,0.005565,0
36.44,0.005529,0
36.45,0.005459,0
36.46,0.005459,0
36.47,0.005424,0
36.48,0.005355,0
36.49,0.005355,0
36.5,0.005321,0
36.51,0.005287,0
36.52,0.005219,0
36.53,0.005219,0
36.54,0.005186,0
36.55,0.00512,0
36.56,0.005119,0
36.57,0.005087,0
36.58,0.005054,0
36.59,0.004989,0
36.6,0.004989,0
36.61,0.004957,0
36.62,0.004925,0
36.63,0.004862,0
36.64,0.004861,0
36.65,0.00483,0
36.66,0.004768,0
36.67,0.004768,0
36.68,0.004737,0
36.69,0.004706,0
36.7,0.004645,0
36.71,0.004645,0
36.72,0.004615,0
36.73,0.004555,0
36.74,0.004555,0
36.75,0.004525,0
36.76,0.004496,0
36.77,0.004438,0
36.78,0.004437,0
36.79,0.004409,0
36.8,0.004351,0
36.81,0.004351,0
36.82,0.004323,0
36.83,0.004294,0
36.84,0.004238,0
36.85,0.004238,0
36.86,0.00421,0
36.87,0.004183,0
36.88,0.004128,0
36.89,0.004128,0
36.9,0.004101,0
36.91,0.004047,0
36.92,0.004047,0
36.93,0.00402,0
36.94,0.003993,0
36.95,0.003941,0
36.96,0.003941,0
36.97,0.003915,0
36.98,0.003863,0
36.99,0.003863,0
37,0.003837,0
37.01,0.003812,0
37.02,0.003762,0
37.03,0.003761,0
37.04,0.003737,0
37.05,0.003687,0
37.06,0.003687,0
37.07,0.003662,0
37.08,0.003638,0
37.09,0.003589,0
37.1,0.003589,0
37.11,0.003565,0
37.12,0.003542,0
37.13,0.003494,0
37.14,0.003494,0
37.15,0.003471,0
37.16,0.003424,0
37.17,0.003424,0
37.18,0.003401,0
37.19,0.003378,0
37.2,0.003333,0
37.21,0.003333,0
37.22,0.00331,0
37.23,0.003266,0
37.24,0.003266,0
37.25,0.003244,0
37.26,0.003222,0
37.27,0.003179,0
37.28,0.003178,0
37.29,0.003157,0
37.3,0.003114,0
37.31,0.003114,0
37.32,0.003093,0
37.33,0.003072,0
37.34,0.003031,0
37.35,0.00303,0
37.36,0.00301,0
37.37,0.002989,0
37.38,0.002949,0
37.39,0.002948,0
37.4,0.002929,0
37.41,0.002889,0
37.42,0.002888,0
37.43,0.002869,0
37.44,0.002849,0
37.45,0.00281,0
37.46,0.00281,0
37.47,0.002791,0
37.48,0.002753,0
37.49,0.002752,0
37.5,0.002733,0
37.51,0.002715,0
37.52,0.002678,0
37.53,0.002677,0
37.54,0.002659,0
37.55,0.002622,0
37.56,0.002622,0
37.57,0.002604,0
37.58,0.002586,0
37.59,0.002551,0
37.6,0.00255,0
37.61,0.002533,0
37.62,0.002515,0
37.63,0.00248,0
37.64,0.00248,0
37.65,0.002463,0
37.66,0.002429,0
37.67,0.002429,0
37.68,0.002412,0
37.69,0.002395,0
37.7,0.002362,0
37.71,0.002362,0
37.72,0.002345,0
37.73,0.002313,0
37.74,0.002312,0
37.75,0.002296,0
37.76,0.00228,0
37.77,0.002248,0
37.78,0.002248,0
37.79,0.002232,0
37.8,0.002201,0
37.81,0.002201,0
37.82,0.002186,0
37.83,0.00217,0
37.84,0.00214,0
37.85,0.002139,0
37.86,0.002124,0
37.87,0.002095,0
37.88,0.00208,0
37.89,0.002079,0
37.9,0.002065,0
37.91,0.002036,0
37.92,0.002035,0
37.93,0.002021,0
37.94,0.002007,0
37.95,0.001978,0
37.96,0.001978,0
37.97,0.001964,0
37.98,0.001936,0
37.99,0.001936,0
38,0.001922,0
38.01,0.001909,0
38.02,0.001882,0
38.03,0.001881,0
38.04,0.001868,0
38.05,0.001841,0
38.06,0.001841,0
38.07,0.001828,0
38.08,0.001815,0
38.09,0.001789,0
38.1,0.001789,0
38.11,0.001776,0
38.12,0.00175,0
38.13,0.001738,0
38.14,0.001738,0
38.15,0.001725,0
38.16,0.0017,0
38.17,0.0017,0
38.18,0.001688,0
38.19,0.001676,0
38.2,0.001652,0
38.21,0.001652,0
38.22,0.001639,0
38.23,0.001616,0
38.24,0.001616,0
38.25,0.001604,0
38.26,0.001592,0
38.27,0.001569,0
38.28,0.001569,0
38.29,0.001558,0
38.3,0.001535,0
38.31,0.001535,0
38.32,0.001524,0
38.33,0.001512,0
38.34,0.00149,0
38.35,0.00149,0
38.36,0.001479,0
38.37,0.001458,0
38.38,0.001447,0
38.39,0.001447,0
38.4,0.001436,0
38.41,0.001415,0
38.42,0.001415,0
38.43,0.001405,0
38.44,0.001394,0
38.45,0.001374,0
38.46,0.001374,0
38.47,0.001363,0
38.48,0.001344,0
38.49,0.001343,0
38.5,0.001333,0
38.51,0.001324,0
38.52,0.001304,0
38.53,0.001304,0
38.54,0.001294,0
38.55,0.001275,0
38.56,0.001275,0
38.57,0.001266,0
38.58,0.001256,0
38.59,0.001237,0
38.6,0.001237,0
38.61,0.001228,0
38.62,0.00121,0
38.63,0.001201,0
38.64,0.0012,0
38.65,0.001192,0
38.66,0.001174,0
38.67,0.001173,0
38.68,0.001165,0
38.69,0.001156,0
38.7,0.001139,0
38.71,0.001139,0
38.72,0.00113,0
38.73,0.001113,0
38.74,0.001113,0
38.75,0.001104,0
38.76,0.001096,0
38.77,0.00108,0
38.78,0.001079,0
38.79,0.001071,0
38.8,0.001055,0
38.81,0.001055,0
38.82,0.001047,0
38.83,0.001039,0
38.84,0.001023,0
38.85,0.001023,0
38.86,0.001015,0
38.87,0.001,0
38.88,0.000992,0
38.89,0.000992,0
38.9,0.000985,0
38.91,0.00097,0
38.92,0.000969,0
38.93,0.000962,0
38.94,0.000954,0
38.95,0.00094,0
38.96,0.00094,0
38.97,0.000933,0
38.98,0.000918,0
38.99,0.000918,0
39,0.000911,0
39.01,0.000904,0
39.02,0.00089,0
39.03,0.00089,0
39.04,0.000883,0
39.05,0.00087,0
39.06,0.000869,0
39.07,0.000863,0
39.08,0.000856,0
39.09,0.000843,0
39.1,0.000843,0
39.11,0.000836,0
39.12,0.000823,0
39.13,0.000817,0
39.14,0.000816,0
39.15,0.00081,0
39.16,0.000798,0
39.17,0.000797,0
39.18,0.000791,0
39.19,0.000785,0
39.2,0.000773,0
39.21,0.000773,0
39.22,0.000766,0
39.23,0.000755,0
39.24,0.000754,0
39.25,0.000748,0
39.26,0.000743,0
39.27,0.000731,0
39.28,0.000731,0
39.29,0.000725,0
39.3,0.000714,0
39.31,0.000713,0
39.32,0.000708,0
39.33,0.000702,0
39.34,0.000691,0
39.35,0.000691,0
39.36,0.000685,0
39.37,0.000675,0
39.38,0.000669,0
39.39,0.000669,0
39.4,0.000664,0
39.41,0.000653,0
39.42,0.000653,0
39.43,0.000648,0
39.44,0.000643,0
39.45,0.000632,0
39.46,0.000632,0
39.47,0.000627,0
39.48,0.000617,0
39.49,0.000617,0
39.5,0.000612,0
39.51,0.000607,0
39.52,0.000597,0
39.53,0.000597,0
39.54,0.000593,0
39.55,0.000583,0
39.56,0.000583,0
39.57,0.000578,0
39.58,0.000573,0
39.59,0.000564,0
39.6,0.000564,0
39.61,0.000559,0
39.62,0.00055,0
39.63,0.000546,0
39.64,0.000546,0
39.65,0.000541,0
39.66,0.000532,0
39.67,0.000532,0
39.68,0.000528,0
39.69,0.000523,0
39.7,0.000515,0
39.71,0.000515,0
39.72,0.00051,0
39.73,0.000502,0
39.74,0.000502,0
39.75,0.000498,0
39.76,0.000494,0
39.77,0.000486,0
39.78,0.000486,0
39.79,0.000482,0
39.8,0.000474,0
39.81,0.000473,0
39.82,0.00047,0
39.83,0.000466,0
39.84,0.000458,0
39.85,0.000458,0
39.86,0.000454,0
39.87,0.000447,0
39.88,0.000443,0
39.89,0.000442,0
39.9,0.000439,0
39.91,0.000432,0
39.92,0.000431,0
39.93,0.000428,0
39.94,0.000424,0
39.95,0.000417,0
39.96,0.000417,0
39.97,0.000413,0
39.98,0.000407,0
39.99,0.000406,0
40,0.000403,0
